"0","67","1375","2004-07-04 10:06:42"
"1","84","691","1977-04-12 02:59:03"
"2","58","632","2014-03-05 06:11:07"
"3","14","732","2014-01-08 14:16:22"
"4","1","272","2010-12-13 13:12:16"
"5","50","82","1997-03-01 08:52:40"
"6","33","1059","1996-05-29 02:01:32"
"7","97","1627","1981-07-31 22:41:44"
"8","60","1231","2010-05-14 07:55:19"
"9","0","1312","1980-05-16 09:44:44"
"10","17","1748","1997-01-19 20:15:00"
"11","21","226","1999-07-01 16:47:09"
"12","90","415","2019-07-04 01:07:14"
"13","81","1990","2021-05-15 17:51:10"
"14","9","728","1999-01-30 07:56:45"
"15","37","696","1987-10-08 16:22:28"
"16","88","1648","2006-03-11 18:19:05"
"17","59","1869","1970-04-26 22:34:40"
"18","98","1847","1970-06-04 13:20:48"
"19","45","1157","1975-07-24 08:19:15"
"20","75","210","2014-04-17 00:48:25"
"21","4","274","2013-03-15 06:05:19"
"22","21","639","1984-03-03 10:34:53"
"23","33","204","1990-02-16 19:17:31"
"24","92","677","2021-04-07 15:29:13"
"25","31","998","1976-12-01 19:25:43"
"26","14","488","1977-11-09 22:23:40"
"27","47","396","1988-12-10 16:55:19"
"28","49","1339","1971-11-26 15:55:09"
"29","8","1395","1975-06-30 20:21:07"
"30","18","784","1973-08-20 17:21:29"
"31","57","1622","1972-09-09 15:26:09"
"32","2","1362","1977-01-16 09:58:15"
"33","95","780","1990-07-26 14:30:30"
"34","2","753","1984-05-29 07:52:38"
"35","9","875","1999-08-11 14:20:36"
"36","43","273","1976-12-03 09:23:50"
"37","51","1252","1986-03-05 08:06:58"
"38","2","1210","1975-07-14 01:20:10"
"39","33","1915","1970-09-26 11:19:31"
"40","15","1415","2022-03-20 17:59:06"
"41","45","807","1979-09-20 22:26:13"
"42","83","1441","2016-12-13 19:58:46"
"43","33","293","2010-01-18 01:03:31"
"44","51","698","2000-04-15 02:00:31"
"45","58","1487","1999-04-02 17:33:56"
"46","33","90","2000-10-15 00:35:13"
"47","44","122","1989-12-21 05:56:27"
"48","58","934","1977-03-02 18:40:07"
"49","70","1931","1972-11-01 14:44:26"
"50","14","1039","1993-11-03 15:25:35"
"51","81","1735","2007-12-22 20:08:20"
"52","45","598","2019-11-10 00:21:48"
"53","71","827","2006-02-22 11:48:53"
"54","48","609","1996-05-06 23:47:01"
"55","81","1754","2011-01-05 05:02:03"
"56","30","1001","2002-08-13 03:05:54"
"57","92","1791","1974-07-16 23:29:21"
"58","30","1189","2001-12-23 18:05:50"
"59","2","1594","2012-08-03 10:55:09"
"60","54","749","2017-03-10 16:28:59"
"61","36","710","2017-12-15 15:37:58"
"62","87","296","2013-09-02 18:06:21"
"63","82","459","1988-12-09 08:52:33"
"64","91","698","2020-12-06 20:11:26"
"65","97","343","1972-01-22 01:27:52"
"66","32","1252","1970-11-14 03:14:47"
"67","50","1350","2005-01-26 09:40:48"
"68","55","770","1974-03-21 15:42:26"
"69","36","746","2003-11-05 11:18:07"
"70","36","1113","1977-06-26 01:19:39"
"71","19","1036","1973-01-24 06:44:03"
"72","99","415","1976-07-23 11:39:47"
"73","58","1161","1971-02-23 06:09:21"
"74","85","1302","2021-08-21 03:21:24"
"75","87","460","2015-12-09 09:22:35"
"76","78","790","1992-09-06 12:45:22"
"77","74","1059","1978-07-06 01:22:30"
"78","97","579","2022-07-10 00:12:35"
"79","79","809","2008-10-23 07:43:59"
"80","21","1459","1973-06-06 16:42:50"
"81","44","1589","2016-08-28 04:52:58"
"82","97","1759","2012-09-30 07:30:02"
"83","92","1869","1994-03-02 05:04:13"
"84","35","1083","1980-05-24 05:59:55"
"85","90","331","1985-04-29 03:34:36"
"86","31","321","1971-08-24 01:37:32"
"87","76","455","1989-10-08 21:29:48"
"88","31","667","2003-07-27 17:42:45"
"89","95","1420","2018-07-08 11:47:04"
"90","94","167","1977-02-02 15:10:25"
"91","46","1369","2006-09-25 03:05:19"
"92","52","1228","1974-09-24 19:12:24"
"93","87","1282","2011-11-09 07:08:07"
"94","94","1920","2014-03-02 10:33:07"
"95","77","563","1973-11-27 04:07:23"
"96","83","1139","1987-07-13 08:31:57"
"97","77","182","2018-11-16 16:52:36"
"98","17","924","1973-09-12 13:05:28"
"99","24","1266","2006-03-25 14:49:01"
"100","66","1539","2012-06-19 23:52:52"
"101","62","1853","2021-09-25 05:22:51"
"102","13","1124","1987-11-13 03:01:14"
"103","1","1582","2002-04-19 14:17:55"
"104","83","633","1987-02-26 08:27:05"
"105","27","1781","2005-05-29 09:11:40"
"106","81","1836","2009-03-09 04:22:22"
"107","53","1230","2002-02-15 19:35:02"
"108","53","1897","2009-06-04 14:30:30"
"109","93","346","2006-07-27 09:44:41"
"110","27","210","1978-01-14 02:33:40"
"111","65","580","1992-11-15 03:41:15"
"112","49","1463","1990-07-28 23:59:36"
"113","65","916","2000-12-18 02:09:17"
"114","19","1484","2013-10-15 13:45:36"
"115","4","1218","2016-04-02 14:44:31"
"116","22","1090","2020-12-11 17:48:15"
"117","46","1941","2003-09-25 02:33:12"
"118","25","29","2000-09-15 06:27:13"
"119","6","767","2019-01-27 22:22:50"
"120","40","1885","2020-11-16 02:41:58"
"121","70","1234","1979-04-14 23:58:39"
"122","4","1031","1977-11-05 13:25:23"
"123","92","943","1985-02-01 09:37:09"
"124","64","1017","1996-05-11 13:19:30"
"125","20","1143","2003-07-09 09:16:16"
"126","34","1544","1976-04-09 04:05:07"
"127","5","972","1999-11-26 02:02:34"
"128","99","1933","2014-07-13 00:18:05"
"129","90","1958","2019-08-22 21:25:23"
"130","53","578","2018-07-13 17:50:07"
"131","37","1509","1980-02-15 14:19:08"
"132","18","811","1976-07-06 13:10:54"
"133","70","443","2009-11-14 08:38:51"
"134","81","3","2014-06-21 06:09:46"
"135","3","1141","1978-11-15 04:13:28"
"136","63","706","1990-12-22 16:00:14"
"137","3","1118","2022-07-08 09:52:31"
"138","60","1432","1980-11-29 20:42:32"
"139","22","1048","2012-10-04 00:50:05"
"140","13","222","2005-10-06 22:33:53"
"141","38","1229","1999-01-23 00:06:29"
"142","99","1814","1998-05-10 21:25:30"
"143","39","403","1975-01-25 05:10:49"
"144","95","1252","2008-08-15 17:01:38"
"145","26","532","2003-12-29 04:39:17"
"146","2","342","1981-03-28 11:55:18"
"147","9","1080","2003-04-24 11:02:02"
"148","80","1408","1988-10-20 22:04:14"
"149","63","419","2014-04-10 01:44:54"
"150","24","1471","2009-08-02 00:08:15"
"151","87","608","1971-11-19 11:26:51"
"152","51","1616","1985-12-14 20:49:37"
"153","82","280","2019-02-02 05:56:14"
"154","22","216","2014-06-11 20:02:42"
"155","64","309","2012-09-24 19:38:16"
"156","5","749","2016-05-18 14:49:07"
"157","81","414","1988-03-24 18:42:05"
"158","12","1353","1997-02-02 10:38:10"
"159","3","835","1991-05-09 21:17:11"
"160","13","1408","1992-05-23 12:09:48"
"161","56","1485","2017-09-30 07:02:42"
"162","96","1897","1997-07-06 21:00:04"
"163","82","1229","2018-01-15 15:07:57"
"164","9","1353","1991-11-10 07:58:53"
"165","11","732","1992-04-10 11:11:03"
"166","83","1835","1990-10-08 14:00:58"
"167","40","984","1987-03-15 19:59:07"
"168","5","807","2010-10-25 04:48:44"
"169","11","1358","1998-05-19 18:20:19"
"170","76","1271","1997-10-12 17:37:26"
"171","67","716","2003-12-01 16:47:55"
"172","77","1432","1990-12-08 02:14:03"
"173","23","1683","2017-12-30 03:57:38"
"174","76","527","2006-12-01 23:42:05"
"175","54","438","1981-06-13 08:11:01"
"176","97","978","2017-07-30 19:56:37"
"177","49","399","1988-10-19 18:47:51"
"178","41","1557","1979-07-17 15:53:45"
"179","23","293","1974-02-11 01:16:13"
"180","13","1074","1974-10-05 13:48:06"
"181","66","1914","2021-10-26 00:05:00"
"182","44","1438","2017-11-01 05:03:07"
"183","26","1187","1999-10-01 11:03:49"
"184","27","1370","2007-04-11 16:29:51"
"185","62","898","1987-10-04 05:19:16"
"186","4","1459","1992-09-21 19:54:06"
"187","86","466","1987-09-16 15:08:10"
"188","72","459","2006-11-02 11:53:40"
"189","9","1085","1996-03-26 05:41:42"
"190","64","1315","1987-02-08 22:17:51"
"191","84","1781","1977-06-09 02:42:23"
"192","24","1105","1994-01-14 21:02:00"
"193","10","346","1982-02-01 19:23:41"
"194","49","1835","2021-06-01 22:55:02"
"195","13","1242","2007-09-10 16:49:04"
"196","52","1886","2000-12-07 01:02:04"
"197","18","1829","1970-03-05 22:45:41"
"198","22","142","1999-03-02 10:29:28"
"199","28","1034","1975-11-16 08:12:47"
"200","34","800","1973-02-01 05:56:08"
"201","80","229","2022-01-01 01:30:44"
"202","29","227","1984-05-04 21:39:21"
"203","40","1870","1987-05-18 05:16:08"
"204","17","1587","2019-09-18 08:39:09"
"205","61","1309","1972-12-05 19:37:00"
"206","8","1835","1978-09-26 13:19:28"
"207","16","853","1974-02-19 13:34:52"
"208","77","1221","2012-10-17 06:14:59"
"209","20","1401","2014-04-09 21:25:03"
"210","62","1759","2001-01-25 11:07:06"
"211","85","1359","2020-06-25 11:21:30"
"212","17","1016","2021-01-05 18:25:03"
"213","39","442","2000-03-26 15:08:37"
"214","77","167","2013-05-12 08:58:00"
"215","22","472","1999-04-26 15:42:10"
"216","6","1169","1989-01-17 16:50:26"
"217","83","331","1984-05-19 20:30:17"
"218","86","457","1987-06-03 04:39:15"
"219","31","888","1975-09-29 09:57:07"
"220","93","1959","1980-09-20 13:53:22"
"221","95","299","1987-11-22 11:52:55"
"222","23","1847","2008-07-10 07:21:40"
"223","47","1132","2016-10-25 06:11:04"
"224","97","401","1989-07-03 23:52:56"
"225","70","1603","2001-04-29 06:35:13"
"226","38","1590","2011-09-28 17:19:32"
"227","80","1727","2021-04-10 00:18:59"
"228","38","684","2004-07-27 22:59:57"
"229","50","194","1992-06-04 19:31:38"
"230","77","1463","1996-02-11 06:09:08"
"231","29","1589","2022-02-10 08:44:00"
"232","84","1576","1980-05-17 21:40:53"
"233","15","1168","2009-12-02 13:53:41"
"234","62","1088","2008-10-15 08:42:26"
"235","41","1782","2013-11-13 00:05:38"
"236","86","1270","1977-08-29 02:45:14"
"237","20","1737","1982-04-18 02:54:55"
"238","31","1726","2010-08-07 07:52:13"
"239","98","187","1985-01-02 01:26:56"
"240","44","386","2006-07-03 20:52:24"
"241","10","1263","1993-09-13 05:12:06"
"242","32","1819","1992-07-05 09:56:53"
"243","43","1925","1973-01-19 22:38:20"
"244","23","1922","1975-04-15 15:48:07"
"245","58","20","1971-12-21 17:07:56"
"246","32","1235","1993-01-09 03:27:11"
"247","10","342","1973-01-04 12:34:53"
"248","52","1218","2014-07-10 05:36:55"
"249","61","367","2008-06-07 20:35:00"
"250","29","1615","1973-07-31 08:27:18"
"251","62","429","1995-05-30 05:28:51"
"252","28","1845","2017-08-31 18:57:41"
"253","53","550","1970-12-23 17:56:11"
"254","98","529","1980-02-20 05:25:57"
"255","64","331","1975-06-26 07:43:56"
"256","0","1187","1990-08-23 07:20:59"
"257","24","1219","1987-04-10 21:35:32"
"258","88","554","1992-07-06 18:04:03"
"259","47","1322","2014-06-11 23:53:06"
"260","49","673","2011-09-10 13:41:00"
"261","35","568","2005-04-04 23:17:57"
"262","78","945","1991-11-08 05:40:56"
"263","49","1914","1973-02-17 16:38:15"
"264","20","169","1972-11-25 23:30:44"
"265","10","1543","1991-01-12 05:52:31"
"266","23","490","2022-03-20 08:56:07"
"267","33","1557","1974-07-06 03:33:34"
"268","0","861","2017-09-30 21:08:02"
"269","9","1279","1982-12-14 12:19:59"
"270","19","1814","2008-10-27 19:57:24"
"271","37","1390","2010-01-13 12:18:56"
"272","41","580","1992-02-29 02:48:05"
"273","97","632","1986-08-17 02:26:59"
"274","7","550","2007-05-13 13:42:46"
"275","6","1772","1974-11-23 08:43:19"
"276","34","1794","2009-07-04 09:16:52"
"277","12","482","2005-12-03 01:09:09"
"278","34","1264","1975-08-23 15:49:45"
"279","23","1650","1992-06-26 07:45:56"
"280","62","726","1988-05-06 16:35:20"
"281","35","1422","1997-06-14 04:54:01"
"282","57","212","1998-07-23 17:06:12"
"283","64","1002","1982-03-18 16:39:35"
"284","14","1209","2018-04-01 08:26:44"
"285","95","784","1971-04-10 13:28:11"
"286","32","160","1980-03-21 15:18:23"
"287","56","445","1989-02-07 20:55:05"
"288","31","76","2000-11-20 20:31:59"
"289","34","1936","1982-11-16 08:27:24"
"290","13","924","2004-02-01 13:56:48"
"291","40","1088","1999-11-02 03:36:24"
"292","23","875","2003-04-03 19:44:12"
"293","98","262","1989-01-18 02:06:02"
"294","73","928","2015-05-27 11:19:17"
"295","87","386","2001-05-25 22:37:15"
"296","50","1642","2014-04-21 19:23:44"
"297","90","1558","2010-07-18 06:34:17"
"298","49","673","1985-05-26 11:34:29"
"299","16","1375","1988-03-23 07:19:50"
"300","81","974","2017-09-06 06:28:48"
"301","14","1031","1978-11-21 10:23:50"
"302","79","1310","2003-12-24 07:03:36"
"303","79","35","2014-10-09 12:20:44"
"304","74","673","2005-05-28 01:07:16"
"305","4","784","1979-12-17 00:07:36"
"306","23","1304","1979-04-29 10:30:12"
"307","1","214","2007-09-18 18:28:50"
"308","98","805","1988-03-08 22:46:48"
"309","23","662","1970-09-29 21:28:49"
"310","83","104","2017-08-02 12:09:15"
"311","20","763","2000-10-04 13:40:54"
"312","85","563","1972-03-03 19:35:02"
"313","6","1617","1976-09-27 14:08:37"
"314","89","1069","2012-07-24 03:15:50"
"315","34","138","1997-06-25 17:58:53"
"316","90","417","1994-12-28 17:39:41"
"317","33","143","2017-08-02 07:23:00"
"318","59","1361","1980-12-20 10:00:32"
"319","93","345","1985-11-05 19:53:14"
"320","56","1966","1982-07-02 21:37:09"
"321","41","1469","1974-06-01 23:05:43"
"322","57","732","1981-11-05 01:21:03"
"323","50","686","1985-11-09 13:48:50"
"324","58","417","2020-02-20 21:51:39"
"325","10","1143","1972-11-22 21:23:27"
"326","98","463","1977-10-05 03:08:30"
"327","63","972","1985-07-30 04:43:55"
"328","17","1665","2007-08-28 04:16:25"
"329","38","1094","2016-06-20 19:32:08"
"330","64","1748","2008-05-11 20:17:05"
"331","22","1290","1982-04-06 13:20:07"
"332","96","1282","1986-03-30 14:19:48"
"333","38","1362","1990-11-25 22:27:56"
"334","4","767","2006-02-25 07:57:46"
"335","94","482","1979-04-04 14:30:45"
"336","1","304","1978-09-15 04:39:45"
"337","75","138","1989-10-17 21:23:17"
"338","87","1180","1994-06-08 20:12:23"
"339","54","1092","1994-06-24 06:56:12"
"340","84","868","2021-10-14 15:52:31"
"341","47","459","2001-06-15 18:58:08"
"342","46","665","1979-12-11 21:50:23"
"343","6","802","2003-10-03 06:49:23"
"344","72","384","1970-11-21 10:41:18"
"345","85","410","2005-09-09 01:56:57"
"346","63","216","2007-03-08 22:14:02"
"347","87","343","1995-08-05 22:07:25"
"348","57","706","2020-08-04 08:07:31"
"349","90","150","1976-05-04 16:31:53"
"350","8","1485","2009-03-21 12:52:38"
"351","90","1168","1989-07-14 08:31:15"
"352","60","342","1976-11-20 03:47:05"
"353","36","1288","1973-12-09 03:52:47"
"354","66","1376","2011-11-27 15:15:48"
"355","16","1998","2011-06-22 07:07:38"
"356","95","258","1970-03-06 04:04:16"
"357","32","242","1992-05-23 00:52:14"
"358","87","1837","2015-12-07 03:40:11"
"359","11","1399","1980-06-25 04:09:36"
"360","45","1292","2013-09-09 03:27:37"
"361","96","401","1997-05-14 20:09:14"
"362","53","1958","2012-01-14 14:08:03"
"363","13","1714","1977-12-10 05:05:52"
"364","99","1650","2019-02-06 22:36:05"
"365","90","1662","1976-03-18 12:06:01"
"366","7","392","2018-08-10 23:44:48"
"367","16","932","2018-12-28 11:41:09"
"368","90","609","2019-05-14 06:23:07"
"369","60","1471","1980-11-17 13:01:37"
"370","93","910","1981-12-02 02:11:49"
"371","37","429","1998-05-03 00:00:31"
"372","23","142","1998-02-13 09:05:36"
"373","94","704","1981-05-26 02:07:25"
"374","54","1834","2019-01-22 07:11:09"
"375","5","1653","2002-01-26 19:47:48"
"376","15","195","1982-10-15 07:43:26"
"377","46","1279","1995-12-18 16:26:21"
"378","54","68","2011-02-04 17:02:32"
"379","21","346","2001-03-24 14:15:09"
"380","51","1753","1977-08-19 02:22:00"
"381","9","1231","1989-09-03 19:50:29"
"382","33","1246","1989-09-16 01:52:41"
"383","44","383","1998-10-15 06:38:33"
"384","38","1242","1972-06-13 02:41:21"
"385","37","746","2014-03-04 14:51:36"
"386","45","487","2010-08-02 16:14:15"
"387","10","792","1999-08-21 14:49:23"
"388","95","1113","2015-06-16 01:36:00"
"389","86","1863","2013-11-01 22:17:52"
"390","45","399","1980-04-17 05:15:40"
"391","10","1392","1984-09-03 00:18:08"
"392","15","1040","2002-01-18 09:47:44"
"393","18","1044","1985-12-07 05:09:48"
"394","40","1350","1979-09-19 11:56:38"
"395","74","1140","2005-07-30 16:51:34"
"396","56","1376","1991-04-01 23:15:56"
"397","7","859","2004-06-15 22:09:33"
"398","57","1963","1997-01-16 12:51:07"
"399","83","621","1975-03-04 09:24:19"
"400","24","377","2004-06-22 11:33:08"
"401","50","1009","1979-10-16 19:10:22"
"402","84","1763","1978-08-03 19:25:15"
"403","80","1641","2004-07-24 01:02:43"
"404","83","1803","2009-08-20 14:15:30"
"405","75","1539","2015-05-24 22:15:08"
"406","5","1833","2015-01-28 18:09:28"
"407","21","1548","2016-08-13 13:55:23"
"408","72","96","2003-08-15 19:05:24"
"409","15","1401","1994-07-26 14:27:50"
"410","10","496","2021-10-28 04:27:51"
"411","46","1359","2013-12-12 06:12:20"
"412","16","1349","1975-08-07 00:04:06"
"413","62","1359","2011-02-03 11:38:38"
"414","53","1656","1973-05-15 06:07:17"
"415","90","1865","2006-09-04 10:14:29"
"416","46","1993","1982-08-19 08:10:19"
"417","16","820","2008-08-07 03:20:21"
"418","9","1583","2016-09-26 22:42:28"
"419","66","925","1988-02-16 18:15:26"
"420","13","762","1975-01-14 12:11:00"
"421","19","861","2003-12-21 09:11:42"
"422","39","1828","2021-03-06 18:48:27"
"423","22","636","1976-11-14 02:52:25"
"424","50","1471","1972-06-05 13:08:29"
"425","62","1896","1998-05-30 09:31:14"
"426","28","1853","2019-03-18 15:23:49"
"427","48","572","2008-02-06 21:09:26"
"428","16","1965","1972-08-28 15:56:09"
"429","49","580","1979-03-19 12:19:32"
"430","38","1936","1992-09-22 01:08:49"
"431","75","1383","1998-08-25 05:38:34"
"432","97","1113","2001-04-08 05:58:51"
"433","44","1506","2004-02-11 03:01:18"
"434","58","1210","1994-06-06 01:53:18"
"435","22","728","1979-09-04 08:13:21"
"436","52","172","1982-10-06 14:25:10"
"437","35","87","2016-08-24 21:14:04"
"438","73","359","2022-02-28 08:24:53"
"439","34","280","1998-02-11 15:08:02"
"440","26","1786","2013-10-18 01:26:40"
"441","68","1977","1981-10-05 17:51:45"
"442","76","911","1992-03-06 01:34:31"
"443","12","445","1988-03-17 11:57:35"
"444","15","1253","1987-02-26 06:31:15"
"445","64","443","2017-02-09 17:54:50"
"446","24","1431","1970-10-31 03:54:15"
"447","4","417","2018-12-26 22:42:46"
"448","53","584","2012-12-05 09:04:18"
"449","23","562","2008-05-12 17:38:54"
"450","19","932","2016-02-02 03:05:53"
"451","83","752","1983-08-21 16:27:58"
"452","83","762","1996-03-11 10:32:33"
"453","34","1074","1992-07-11 06:48:00"
"454","87","1653","1995-08-16 20:47:49"
"455","28","867","1986-11-18 18:00:31"
"456","79","292","2001-06-24 02:11:08"
"457","37","1080","2007-07-22 11:32:00"
"458","97","410","1993-01-13 11:40:48"
"459","28","1869","1987-10-02 18:34:23"
"460","28","739","2001-03-28 02:42:53"
"461","76","719","2009-11-14 10:13:43"
"462","78","834","1973-02-21 20:34:57"
"463","33","1824","1992-11-03 00:52:20"
"464","57","1321","2005-10-10 16:43:05"
"465","8","925","1989-12-29 22:34:34"
"466","71","1044","2010-08-01 14:51:41"
"467","96","753","1993-11-21 07:55:28"
"468","96","1806","1980-11-24 05:59:03"
"469","74","1256","2009-02-12 13:01:04"
"470","56","639","2011-11-05 13:22:13"
"471","14","1968","1971-12-21 10:08:28"
"472","43","565","2018-05-21 05:17:17"
"473","50","1122","1986-05-22 22:22:08"
"474","60","456","1986-06-13 15:56:58"
"475","49","1317","2006-10-02 00:43:58"
"476","32","1058","1996-06-21 10:59:05"
"477","27","1897","2017-11-10 00:32:25"
"478","69","1444","1977-05-06 05:58:36"
"479","54","507","1987-04-25 11:33:13"
"480","3","611","1997-07-29 01:04:48"
"481","52","719","1976-11-05 18:16:06"
"482","67","816","2007-01-20 01:53:05"
"483","41","1124","1992-10-12 08:43:23"
"484","73","1009","2015-10-14 12:48:36"
"485","43","1011","1983-04-26 22:42:29"
"486","23","1569","2012-04-28 20:15:45"
"487","1","1178","2002-04-04 08:21:07"
"488","50","585","1990-06-01 06:11:01"
"489","8","222","1984-01-04 16:59:21"
"490","74","554","1987-10-06 10:45:20"
"491","45","1169","1973-06-21 13:28:39"
"492","94","1415","1990-08-30 17:39:24"
"493","2","1632","1973-03-17 09:44:00"
"494","67","806","1997-04-08 03:46:50"
"495","24","1040","1982-06-24 06:12:19"
"496","20","802","2015-03-10 17:16:02"
"497","67","172","1990-06-15 10:43:31"
"498","15","345","2000-07-23 07:58:07"
"499","3","835","2001-08-20 01:48:35"
"500","55","800","1971-01-13 04:06:06"
"501","89","803","1977-06-12 18:19:28"
"502","48","418","2008-08-28 19:21:43"
"503","37","577","2000-08-10 16:51:36"
"504","57","1460","1973-03-24 21:01:09"
"505","62","31","1989-05-25 18:12:24"
"506","77","311","2020-08-17 23:26:48"
"507","59","649","2016-12-21 21:07:32"
"508","28","656","1982-03-08 07:03:14"
"509","7","65","1998-05-16 21:06:19"
"510","52","1795","1981-11-12 04:49:15"
"511","85","1012","2020-12-06 18:22:04"
"512","69","299","1972-07-18 03:56:01"
"513","89","1279","2015-02-06 12:00:31"
"514","61","1188","1970-01-01 08:45:05"
"515","41","1317","1974-04-28 20:41:01"
"516","80","732","2007-05-05 18:53:01"
"517","25","137","2008-08-12 09:36:31"
"518","99","1582","2019-09-28 14:48:53"
"519","76","784","1990-01-12 05:19:52"
"520","83","207","2021-11-22 13:48:47"
"521","65","1985","1986-02-18 19:11:37"
"522","91","1945","1986-06-09 22:18:59"
"523","74","1624","1970-07-19 09:28:31"
"524","40","76","1989-03-07 18:41:21"
"525","10","578","1991-09-06 09:55:03"
"526","11","1277","1972-09-03 21:31:44"
"527","75","1753","1977-09-06 16:22:23"
"528","52","972","2005-04-18 15:18:57"
"529","27","307","2002-12-05 04:10:15"
"530","27","625","2020-03-01 21:48:55"
"531","66","421","1998-12-10 19:57:25"
"532","59","1768","2006-06-28 17:46:06"
"533","92","1591","2008-11-14 17:29:37"
"534","17","1044","2013-05-10 20:18:28"
"535","85","258","2008-11-11 13:33:54"
"536","51","843","2005-11-02 23:22:09"
"537","77","1118","1996-11-22 07:47:53"
"538","12","410","1988-12-22 16:47:35"
"539","12","532","1979-08-01 17:40:49"
"540","91","508","2012-12-22 12:58:48"
"541","31","540","1990-07-06 18:46:46"
"542","66","1271","1979-07-31 11:15:56"
"543","66","1066","2006-01-29 13:52:21"
"544","53","1264","1971-11-11 05:42:03"
"545","72","466","2000-09-21 23:12:10"
"546","91","487","2015-08-04 16:33:39"
"547","17","1398","1982-12-05 08:45:30"
"548","38","953","2001-07-05 19:07:16"
"549","32","990","1980-08-07 11:09:50"
"550","36","1392","2009-07-01 07:28:33"
"551","48","1522","1973-01-13 09:32:26"
"552","43","1257","1979-02-05 14:09:36"
"553","16","167","1997-05-25 16:14:40"
"554","98","23","1976-08-09 18:09:19"
"555","47","1200","1997-07-25 11:11:58"
"556","56","377","2009-01-04 05:28:42"
"557","26","377","2002-07-09 01:27:54"
"558","90","1782","1972-01-03 08:35:27"
"559","88","961","1988-01-28 11:00:21"
"560","83","1884","1986-03-14 04:56:08"
"561","44","217","2018-06-07 02:28:51"
"562","2","1376","1971-04-02 17:41:07"
"563","26","461","2021-05-21 01:46:59"
"564","10","1332","1972-12-07 23:44:12"
"565","79","1849","1970-12-02 12:46:40"
"566","81","1737","1983-10-15 23:43:58"
"567","32","46","1989-06-17 12:54:26"
"568","13","936","1980-02-23 13:07:02"
"569","91","1981","2005-03-18 01:46:07"
"570","56","319","2009-07-14 03:12:40"
"571","94","1857","2017-01-14 21:19:22"
"572","24","635","2018-05-07 09:09:31"
"573","43","345","1972-03-15 02:07:16"
"574","18","1956","1992-01-13 04:04:39"
"575","51","1123","1992-12-25 12:57:14"
"576","94","415","2022-02-12 13:30:57"
"577","18","1768","2004-04-26 17:56:14"
"578","76","362","1970-08-15 16:37:19"
"579","48","919","1984-11-03 02:46:40"
"580","24","346","2016-09-28 17:00:27"
"581","27","1457","2013-02-16 21:57:41"
"582","50","404","2007-12-15 11:27:18"
"583","58","1286","1992-01-16 08:53:09"
"584","50","110","2010-02-13 01:41:26"
"585","35","555","2020-06-19 09:22:25"
"586","70","1606","2018-03-29 06:00:19"
"587","15","230","2003-09-13 09:34:13"
"588","74","1632","2001-03-18 07:35:14"
"589","21","99","1984-07-03 13:40:31"
"590","27","1817","1984-03-16 15:22:58"
"591","81","1845","2013-11-21 07:32:51"
"592","35","706","1990-10-20 18:01:33"
"593","28","94","2018-05-05 17:00:21"
"594","88","925","2002-07-19 00:31:28"
"595","21","1225","1983-11-24 07:18:49"
"596","1","549","2009-12-31 13:20:05"
"597","24","1483","1977-11-23 11:41:08"
"598","44","217","1996-01-29 04:42:37"
"599","58","1223","1990-12-15 20:33:39"
"600","28","1774","2022-01-17 22:27:36"
"601","46","704","1976-12-21 12:28:35"
"602","71","1946","2000-07-25 19:35:31"
"603","62","1651","1991-06-17 23:24:42"
"604","9","351","2014-11-08 02:46:15"
"605","90","1096","1986-11-21 08:08:02"
"606","59","1761","1992-11-11 06:40:23"
"607","45","1594","2019-11-02 06:18:01"
"608","23","673","1995-07-31 01:52:56"
"609","16","271","1985-05-13 17:00:26"
"610","69","1684","1999-09-23 01:24:51"
"611","21","698","1998-11-12 23:54:26"
"612","5","1036","2003-12-08 08:50:31"
"613","77","1704","1980-09-02 05:50:10"
"614","95","1381","2010-06-28 08:34:53"
"615","89","737","2008-08-20 09:56:22"
"616","65","1588","1974-05-30 08:34:04"
"617","80","58","1982-01-13 16:04:23"
"618","56","1683","2006-07-08 13:26:03"
"619","81","1330","1993-05-25 00:17:42"
"620","62","383","2014-04-10 03:59:08"
"621","67","1725","2010-03-08 07:37:05"
"622","30","1279","1982-11-26 11:41:48"
"623","78","1661","1984-09-16 03:14:41"
"624","87","698","1987-09-20 14:25:51"
"625","33","809","2018-09-30 03:10:15"
"626","67","1309","2012-10-08 09:24:34"
"627","6","20","2000-02-21 00:50:49"
"628","29","143","2014-08-08 11:36:21"
"629","97","1476","1970-07-12 05:39:05"
"630","28","1968","1985-09-19 14:02:17"
"631","75","1857","1978-01-15 16:31:28"
"632","59","1277","1970-04-09 07:44:25"
"633","31","1051","2016-12-06 15:36:10"
"634","99","1526","2003-03-22 06:21:06"
"635","7","104","2013-03-10 10:52:44"
"636","55","292","1976-05-30 12:17:42"
"637","79","1161","2001-12-06 22:20:05"
"638","12","1896","1979-06-10 20:13:26"
"639","17","738","2009-05-19 00:56:44"
"640","61","410","2011-10-05 22:31:34"
"641","57","1279","1982-07-26 07:15:29"
"642","10","1963","2022-10-03 06:30:15"
"643","16","559","1990-02-06 23:56:22"
"644","72","1294","1993-08-16 20:55:41"
"645","80","1806","2007-04-16 22:03:25"
"646","90","168","1980-12-11 12:56:15"
"647","26","1752","1983-10-25 02:26:56"
"648","75","1656","1986-03-17 20:52:10"
"649","35","59","1997-02-18 23:02:05"
"650","79","31","1997-01-28 12:39:42"
"651","28","185","2015-07-12 03:28:44"
"652","58","794","1976-01-30 02:02:47"
"653","87","1539","2012-10-25 23:58:38"
"654","68","1427","2012-06-24 10:16:28"
"655","83","1043","1996-12-29 19:35:12"
"656","56","559","1970-11-22 01:01:37"
"657","42","441","1986-02-20 17:33:32"
"658","62","778","2021-08-25 21:41:30"
"659","85","608","2013-11-25 10:14:21"
"660","97","41","1990-10-08 22:15:48"
"661","37","1786","2001-10-19 09:53:37"
"662","97","1896","1979-07-05 12:04:49"
"663","13","1495","1972-08-28 00:00:25"
"664","11","433","2003-09-10 08:18:19"
"665","22","49","2014-03-15 22:36:56"
"666","66","1219","1996-10-18 01:22:40"
"667","23","393","1997-04-11 16:57:31"
"668","72","1076","1985-01-18 13:33:31"
"669","79","450","2015-02-27 15:37:18"
"670","74","633","2005-09-16 05:35:19"
"671","86","59","1988-02-14 12:02:20"
"672","39","798","1986-07-28 15:24:43"
"673","10","1401","2016-04-15 04:45:30"
"674","91","155","2017-10-04 00:16:48"
"675","53","807","2001-09-04 14:46:44"
"676","9","1876","1973-09-24 16:39:51"
"677","68","962","2007-01-24 17:56:15"
"678","43","850","1980-05-07 02:07:00"
"679","91","394","2018-05-30 20:36:02"
"680","26","898","2002-06-09 00:05:51"
"681","78","1781","1976-06-20 16:05:19"
"682","19","307","1973-11-13 10:43:21"
"683","21","79","1980-01-26 14:10:24"
"684","40","1083","2004-06-10 08:03:33"
"685","31","1624","2022-07-22 11:53:12"
"686","37","459","1995-08-12 03:39:40"
"687","84","298","2006-05-01 09:57:17"
"688","18","1973","1978-10-27 09:36:32"
"689","4","1038","1988-04-27 04:41:38"
"690","59","1501","2021-08-13 16:33:07"
"691","45","1649","1974-11-03 14:14:14"
"692","17","1023","2021-04-26 05:13:31"
"693","60","1157","1976-06-05 13:07:13"
"694","21","1046","1983-01-31 17:17:41"
"695","54","1813","2007-07-04 00:22:54"
"696","74","1346","2013-02-14 08:31:04"
"697","22","266","2020-09-25 07:46:39"
"698","31","191","1987-04-25 01:39:04"
"699","57","806","1972-08-08 22:17:31"
"700","51","1444","2019-09-05 10:00:27"
"701","55","563","2003-05-26 20:41:57"
"702","52","1925","1974-01-09 09:13:26"
"703","19","696","2004-03-26 00:24:57"
"704","15","735","2018-12-04 03:09:46"
"705","37","684","2000-08-29 21:52:24"
"706","92","1782","2010-06-18 14:12:10"
"707","91","310","1985-06-01 09:16:07"
"708","44","807","2005-01-15 16:11:25"
"709","81","626","2001-10-18 12:02:11"
"710","35","44","1975-05-29 05:27:19"
"711","94","1090","2003-02-18 19:59:07"
"712","47","191","2020-02-07 21:58:22"
"713","53","421","1991-01-23 04:19:49"
"714","39","508","2007-12-01 23:49:03"
"715","87","376","2018-03-20 22:48:09"
"716","98","1434","1993-05-16 22:16:17"
"717","85","145","2017-08-13 13:50:47"
"718","61","696","1978-06-01 17:50:19"
"719","38","1434","2011-09-09 22:52:29"
"720","24","1390","1981-08-01 07:55:35"
"721","58","134","1993-10-13 13:58:45"
"722","48","1685","1997-09-11 01:43:16"
"723","31","1294","2013-10-23 03:53:23"
"724","11","1734","2020-09-30 10:53:06"
"725","45","991","1983-08-05 14:21:22"
"726","67","1928","2014-08-07 12:41:56"
"727","35","1283","1988-03-04 05:07:45"
"728","59","86","2021-08-10 22:45:28"
"729","20","802","1988-12-25 19:18:16"
"730","45","965","1989-05-26 19:30:47"
"731","47","1342","1982-07-22 08:17:53"
"732","35","1803","2010-01-03 16:08:00"
"733","7","1440","1999-05-24 12:18:22"
"734","95","1279","1971-12-08 18:10:39"
"735","2","1972","2010-10-17 16:20:41"
"736","4","1542","1970-11-15 00:31:06"
"737","80","841","2011-10-28 14:14:49"
"738","24","134","1978-09-25 14:56:15"
"739","86","1431","2020-01-03 11:22:58"
"740","80","579","2015-09-14 15:21:57"
"741","99","674","1995-08-26 15:00:30"
"742","83","1031","2003-04-22 05:22:07"
"743","29","1144","2012-09-04 10:14:30"
"744","72","227","2014-05-02 23:25:53"
"745","74","1277","1992-09-21 17:05:56"
"746","97","487","1970-11-04 07:40:46"
"747","73","1392","2006-12-06 09:00:00"
"748","15","482","1980-08-31 12:03:13"
"749","61","293","2018-09-22 09:30:50"
"750","60","1774","2017-12-29 20:00:42"
"751","9","1886","1970-02-16 16:45:59"
"752","30","953","1996-12-18 17:45:49"
"753","40","29","1984-11-10 07:39:13"
"754","45","1324","2004-07-12 01:45:44"
"755","5","1842","1980-02-02 06:37:29"
"756","38","1219","1982-01-20 12:52:49"
"757","0","217","1998-07-04 08:17:57"
"758","44","1863","2021-07-04 00:00:24"
"759","69","143","1987-01-26 16:08:28"
"760","20","1544","2015-01-28 21:02:50"
"761","5","1506","1992-08-20 11:43:47"
"762","64","1888","1988-01-26 07:26:08"
"763","28","1582","2012-11-26 09:55:13"
"764","74","1632","2006-03-19 02:51:00"
"765","74","678","1976-12-07 18:04:08"
"766","43","597","1978-03-03 07:03:02"
"767","24","1589","1999-07-27 18:37:25"
"768","3","1304","1984-07-26 16:46:21"
"769","32","1748","2012-09-05 01:13:14"
"770","54","1230","1993-09-21 15:11:09"
"771","4","207","1977-09-09 10:28:53"
"772","55","1118","1973-07-31 12:56:11"
"773","96","1983","2003-10-28 22:17:39"
"774","74","1968","2015-09-06 08:02:14"
"775","20","1790","1985-06-24 10:33:53"
"776","4","259","1978-09-08 06:31:52"
"777","97","1470","2012-02-29 10:54:09"
"778","53","1301","2012-07-10 20:34:00"
"779","16","1395","1983-07-14 09:33:00"
"780","18","673","2013-02-26 21:56:35"
"781","86","77","1999-07-09 21:57:40"
"782","37","225","2001-11-24 12:56:46"
"783","40","853","1992-05-05 09:13:06"
"784","52","868","2016-04-30 13:40:09"
"785","46","518","1980-11-13 04:49:42"
"786","31","1580","2022-01-18 20:58:52"
"787","63","1782","1975-02-20 14:16:51"
"788","34","926","1975-07-02 21:48:56"
"789","79","1343","1971-12-26 15:58:16"
"790","40","912","2010-02-16 23:45:11"
"791","41","31","1976-10-13 03:43:50"
"792","57","1442","2010-12-12 12:57:02"
"793","31","373","1991-02-27 22:49:10"
"794","70","228","1995-10-09 05:54:45"
"795","45","1044","1985-12-19 09:56:15"
"796","98","1953","1986-01-01 05:13:16"
"797","87","550","2002-01-05 18:13:51"
"798","8","280","1978-05-25 09:57:27"
"799","68","13","2021-04-20 17:44:56"
"800","31","280","1989-02-27 18:41:11"
"801","0","580","2004-04-03 20:38:20"
"802","73","1768","1991-11-10 01:14:07"
"803","66","1794","1998-10-30 18:33:35"
"804","67","924","2011-10-27 20:40:36"
"805","58","361","2010-10-08 18:16:06"
"806","31","234","2018-12-20 19:34:07"
"807","47","1721","2016-01-12 16:11:40"
"808","77","138","1972-11-30 11:36:08"
"809","55","1055","1976-12-14 18:16:09"
"810","57","1998","1990-05-20 18:19:23"
"811","53","1184","1989-06-18 21:30:54"
"812","53","1206","2002-05-22 00:27:36"
"813","82","1604","1991-01-07 14:46:57"
"814","5","44","1982-05-10 04:57:08"
"815","98","998","1994-03-15 10:17:55"
"816","73","488","1992-12-22 18:01:40"
"817","33","1540","1970-12-05 12:39:37"
"818","35","1063","1997-09-07 13:09:42"
"819","81","511","2021-06-04 22:11:10"
"820","51","319","1978-12-04 13:21:51"
"821","18","1743","2021-12-11 01:32:37"
"822","14","1140","1999-12-16 00:48:34"
"823","42","1232","2013-04-18 20:01:23"
"824","21","811","1972-06-30 13:53:34"
"825","53","656","1991-11-27 09:46:19"
"826","69","1011","2013-12-18 11:23:36"
"827","36","1556","1972-03-04 10:41:26"
"828","75","1102","1987-04-02 22:43:08"
"829","56","1058","1970-05-25 12:30:40"
"830","76","176","2005-07-10 05:23:51"
"831","30","862","2016-07-29 10:44:03"
"832","32","383","1976-04-02 19:50:43"
"833","72","1559","1976-12-21 03:20:10"
"834","70","1459","1980-11-10 04:56:53"
"835","75","1460","1999-06-07 23:34:39"
"836","9","1266","2012-05-23 02:46:59"
"837","19","850","2020-03-14 17:53:42"
"838","62","1538","1978-04-03 10:55:32"
"839","79","1642","1981-11-22 15:13:29"
"840","79","71","2016-05-30 09:21:07"
"841","82","266","1983-05-02 20:59:09"
"842","20","1556","2007-11-03 23:28:15"
"843","47","1898","1978-10-13 18:13:46"
"844","49","1181","1989-06-28 20:02:52"
"845","39","590","1977-08-17 23:42:07"
"846","34","1101","1976-07-27 15:20:52"
"847","2","168","1973-04-30 19:06:40"
"848","17","810","2005-11-09 00:18:40"
"849","61","1161","2001-03-21 13:47:47"
"850","50","1721","2010-02-16 14:29:08"
"851","22","867","1987-11-19 17:34:31"
"852","27","1145","1970-05-06 00:53:53"
"853","79","1457","2017-05-18 13:12:00"
"854","30","974","2007-12-20 15:06:11"
"855","12","495","2004-05-13 23:15:26"
"856","77","1354","2000-01-18 03:31:02"
"857","79","196","2005-09-06 03:58:31"
"858","29","1851","1971-01-24 15:24:55"
"859","35","1696","1990-03-22 08:59:00"
"860","98","1144","1971-11-07 01:24:10"
"861","75","1774","1980-03-27 09:40:23"
"862","4","1282","1996-01-02 15:03:48"
"863","38","1852","2011-02-22 17:25:21"
"864","45","168","1970-07-27 00:45:30"
"865","19","338","2018-02-13 01:47:46"
"866","59","1484","1980-05-21 00:32:00"
"867","71","1006","1995-03-01 14:08:04"
"868","35","834","1986-02-22 20:22:26"
"869","69","342","2017-10-02 22:23:30"
"870","31","1919","2014-02-04 15:24:02"
"871","56","878","1985-10-01 00:19:18"
"872","70","1285","2014-11-18 00:47:17"
"873","10","44","2019-03-10 06:32:07"
"874","88","1102","1986-06-10 01:06:45"
"875","75","1242","2005-09-04 01:27:10"
"876","49","272","2017-01-06 07:03:15"
"877","22","310","2019-08-31 04:17:42"
"878","6","480","1983-12-11 06:40:22"
"879","12","584","1975-06-08 15:14:33"
"880","63","1477","2010-10-14 09:18:12"
"881","80","110","2021-10-29 10:04:26"
"882","9","966","1989-05-18 14:03:26"
"883","57","1205","2007-06-09 01:56:01"
"884","18","59","1972-04-03 20:36:59"
"885","47","6","1996-06-06 16:33:22"
"886","22","1059","2007-07-22 20:09:32"
"887","45","563","1983-03-24 05:08:41"
"888","47","1540","1993-12-19 04:23:45"
"889","18","785","2001-07-16 12:48:24"
"890","55","1950","1994-04-29 04:32:35"
"891","20","1712","1997-05-19 22:26:25"
"892","95","565","1999-02-13 18:56:43"
"893","87","529","2019-10-19 05:20:32"
"894","61","1757","2022-03-11 12:22:45"
"895","65","1141","1996-01-18 22:18:17"
"896","8","216","1993-01-13 00:47:58"
"897","8","490","1970-10-22 09:26:56"
"898","72","459","1993-04-11 01:37:10"
"899","66","810","2009-01-16 21:21:13"
"900","56","945","2009-05-04 19:03:37"
"901","73","789","2011-01-10 12:51:31"
"902","61","1283","1987-02-07 13:10:15"
"903","50","1704","1976-10-14 18:26:41"
"904","7","1441","1988-07-14 14:33:01"
"905","63","1819","1982-01-06 20:47:38"
"906","76","605","2015-02-07 22:02:22"
"907","83","420","1980-04-13 11:14:34"
"908","72","1301","1995-10-12 11:17:48"
"909","22","1844","1981-10-10 19:24:09"
"910","15","1041","2012-08-10 22:55:38"
"911","31","1786","1994-10-29 14:41:58"
"912","91","292","1991-12-08 23:21:09"
"913","27","1279","2001-06-20 18:48:33"
"914","0","1835","2010-12-23 12:34:00"
"915","96","1898","1977-03-19 23:03:12"
"916","50","272","1987-06-09 00:53:31"
"917","7","1737","2004-08-01 17:41:16"
"918","3","1779","1976-10-12 05:00:33"
"919","21","429","1978-12-19 05:57:41"
"920","23","77","1985-04-05 22:32:17"
"921","6","1187","2018-07-30 10:49:01"
"922","72","196","1999-02-05 12:33:11"
"923","82","1816","1985-02-02 05:04:26"
"924","22","1031","1980-08-29 16:25:35"
"925","20","1732","2018-09-01 12:58:21"
"926","1","628","1997-09-30 18:12:35"
"927","55","898","1980-08-09 19:13:43"
"928","2","1119","2007-01-21 19:33:15"
"929","87","6","1973-06-30 16:10:17"
"930","58","552","1977-11-30 12:28:50"
"931","13","1165","1976-04-04 08:59:19"
"932","60","274","1980-12-04 04:15:37"
"933","54","1266","1975-08-23 07:22:59"
"934","58","1094","2017-03-04 14:29:16"
"935","76","1309","1981-03-08 11:09:40"
"936","41","1012","1972-02-07 03:54:02"
"937","18","1336","1985-06-09 06:00:27"
"938","14","1244","2021-10-28 15:41:31"
"939","91","1296","2015-02-27 13:18:21"
"940","37","387","2021-01-21 01:31:08"
"941","94","401","1989-02-03 14:24:46"
"942","5","1661","1981-11-21 08:42:56"
"943","33","1146","1981-11-29 01:17:06"
"944","98","555","2003-05-18 03:47:10"
"945","25","1964","1985-02-11 13:08:58"
"946","96","384","1975-03-02 03:36:48"
"947","23","1431","2012-02-26 20:11:29"
"948","58","1721","1992-09-28 02:38:48"
"949","70","218","1985-11-24 09:26:25"
"950","77","1244","1987-06-13 07:22:18"
"951","55","13","2005-01-02 02:31:42"
"952","6","1263","1987-09-15 22:07:13"
"953","66","737","1980-03-29 03:31:24"
"954","79","1977","2015-12-29 18:38:13"
"955","84","517","2010-07-26 23:02:19"
"956","39","580","2011-12-14 10:31:32"
"957","19","403","2019-10-16 19:34:06"
"958","1","259","2010-05-21 00:25:22"
"959","3","1441","1996-04-26 01:13:16"
"960","29","662","1977-03-30 11:27:26"
"961","12","1102","1994-07-26 10:10:40"
"962","64","1732","1972-10-09 23:20:12"
"963","33","1669","1992-10-07 13:04:04"
"964","83","684","1971-08-01 10:00:02"
"965","66","387","1974-08-04 10:22:49"
"966","69","1753","2002-03-22 04:59:20"
"967","20","268","2020-12-18 02:39:19"
"968","41","563","1992-12-28 17:45:59"
"969","25","1354","2004-10-25 14:11:31"
"970","62","28","2000-07-24 13:09:55"
"971","12","585","2003-02-08 17:34:57"
"972","25","225","2005-01-15 18:59:17"
"973","99","913","2006-12-12 09:04:38"
"974","37","378","1977-02-06 06:04:32"
"975","80","784","1978-02-10 12:14:29"
"976","64","236","1982-09-01 09:16:41"
"977","19","1398","1993-03-26 17:24:11"
"978","63","1043","1981-08-03 20:55:03"
"979","52","618","2014-10-20 17:50:29"
"980","30","42","1998-12-04 18:00:47"
"981","36","318","2014-07-15 08:27:16"
"982","85","415","2021-09-04 16:17:58"
"983","10","1725","2007-08-03 22:57:50"
"984","83","672","2020-06-12 18:26:26"
"985","6","1874","2018-11-25 17:03:59"
"986","13","1460","1981-03-15 14:07:20"
"987","67","89","1979-01-17 04:39:19"
"988","30","1650","1985-03-31 02:15:52"
"989","48","802","1992-05-06 00:24:30"
"990","6","910","1991-10-10 12:59:10"
"991","74","1622","2011-02-08 21:42:47"
"992","47","1113","2015-07-02 00:44:20"
"993","27","663","1997-03-13 12:04:09"
"994","87","1629","2021-08-06 15:27:50"
"995","99","1349","2008-01-11 05:22:11"
"996","26","1857","1994-03-29 04:28:31"
"997","23","911","2016-04-12 05:29:06"
"998","16","1945","1992-10-18 10:43:46"
"999","68","1447","2000-11-29 00:25:37"
"1000","2","401","1981-08-04 11:46:18"
"1001","11","1591","2007-06-09 07:33:01"
"1002","44","639","2022-01-22 06:45:13"
"1003","22","405","1977-06-11 16:24:18"
"1004","62","1495","1971-05-01 16:43:58"
"1005","96","1443","2004-09-01 22:39:19"
"1006","13","1438","1990-10-18 20:34:17"
"1007","74","332","2011-12-16 21:33:19"
"1008","61","1684","2005-07-31 18:26:07"
"1009","85","960","1997-12-13 19:52:47"
"1010","1","21","2010-06-29 07:23:38"
"1011","80","143","2008-01-04 07:00:51"
"1012","83","1472","1986-02-26 11:23:25"
"1013","31","1870","1992-03-31 15:04:11"
"1014","89","1720","2005-09-29 02:56:07"
"1015","64","508","1998-03-06 06:07:49"
"1016","91","407","1996-10-07 11:40:14"
"1017","72","1759","2018-09-22 15:40:52"
"1018","92","805","1973-01-03 23:10:14"
"1019","89","1353","1981-10-10 04:07:34"
"1020","80","234","1986-06-01 17:21:28"
"1021","75","1269","1992-08-18 10:15:34"
"1022","2","1521","2012-10-29 15:21:25"
"1023","60","1876","1972-08-31 20:38:37"
"1024","93","438","1974-12-05 03:25:09"
"1025","64","1359","2002-12-18 12:29:51"
"1026","41","990","1980-01-30 12:47:55"
"1027","17","1589","1976-12-30 12:47:33"
"1028","34","1161","1985-09-09 14:30:22"
"1029","29","1481","1996-12-27 13:34:33"
"1030","71","1678","2009-03-29 03:14:07"
"1031","79","1431","2022-08-23 15:25:52"
"1032","91","276","1990-09-26 16:34:05"
"1033","10","929","1996-12-17 05:20:38"
"1034","44","1469","2013-06-14 00:13:08"
"1035","85","1300","1972-06-30 12:30:50"
"1036","17","1639","1984-07-27 13:59:48"
"1037","33","326","2005-09-18 16:12:25"
"1038","24","1285","1976-02-04 10:24:11"
"1039","86","169","1973-08-18 01:29:06"
"1040","6","1353","1984-04-23 21:07:07"
"1041","98","271","1983-01-09 12:48:33"
"1042","26","322","2013-12-20 04:04:43"
"1043","98","1286","1972-10-17 04:40:07"
"1044","77","1901","2009-04-06 13:42:40"
"1045","90","544","2014-04-09 10:33:11"
"1046","11","1132","2021-09-19 05:14:44"
"1047","35","403","2020-07-24 11:01:33"
"1048","42","892","1981-05-27 21:13:29"
"1049","88","1765","1989-07-27 14:56:01"
"1050","19","1947","1975-02-02 20:36:00"
"1051","71","917","1986-03-25 03:43:24"
"1052","2","568","2003-12-07 13:42:11"
"1053","22","298","2004-10-07 12:15:02"
"1054","61","1651","1977-09-08 15:18:20"
"1055","90","1822","2004-03-08 14:36:50"
"1056","12","1870","1973-07-25 09:18:33"
"1057","92","1283","2004-08-23 17:47:26"
"1058","42","704","2011-08-26 09:13:30"
"1059","38","1842","1976-08-08 07:33:39"
"1060","16","1463","1970-06-01 07:22:26"
"1061","67","772","1996-10-15 16:00:38"
"1062","61","1339","1980-10-01 08:26:31"
"1063","56","1653","2012-08-29 01:55:51"
"1064","82","508","1995-08-07 19:50:31"
"1065","22","466","2011-10-10 06:56:21"
"1066","24","1828","1989-04-11 20:39:31"
"1067","72","768","1986-03-14 07:47:40"
"1068","80","1993","2004-09-21 04:14:58"
"1069","0","1484","1974-12-02 20:41:07"
"1070","48","770","1995-03-29 15:58:25"
"1071","50","1426","1984-09-11 03:20:13"
"1072","16","1243","1983-01-03 12:18:09"
"1073","84","1712","2003-10-29 10:58:05"
"1074","26","1266","1975-06-27 10:05:38"
"1075","32","122","1998-01-03 19:19:51"
"1076","18","962","1976-08-08 09:23:34"
"1077","55","946","1981-01-15 15:17:22"
"1078","44","785","2017-02-08 07:35:17"
"1079","37","1329","1991-07-20 23:46:32"
"1080","89","1828","2012-12-05 14:26:52"
"1081","51","1088","2001-03-02 20:21:29"
"1082","34","1669","2009-08-16 00:54:02"
"1083","25","196","2019-02-18 19:51:47"
"1084","89","1145","1982-01-25 11:38:55"
"1085","64","1557","2010-02-11 02:30:21"
"1086","91","533","2015-06-25 15:14:56"
"1087","20","44","1995-10-12 20:32:01"
"1088","11","1300","2015-07-16 05:29:21"
"1089","38","1187","2004-01-20 18:31:39"
"1090","62","1694","1990-11-22 09:38:49"
"1091","49","871","1975-09-24 15:21:23"
"1092","81","798","1992-09-17 14:52:43"
"1093","51","632","1992-09-19 05:19:10"
"1094","69","172","1972-12-01 20:14:05"
"1095","35","319","2000-09-17 10:28:15"
"1096","64","936","2016-03-26 22:20:42"
"1097","5","1424","1984-05-26 14:58:08"
"1098","57","1359","1981-09-21 01:37:23"
"1099","50","737","2000-05-12 01:57:18"
"1100","39","137","1992-10-07 06:25:33"
"1101","22","1898","2008-11-26 15:09:09"
"1102","33","1243","1978-05-09 18:28:52"
"1103","9","482","2020-09-20 13:42:51"
"1104","0","966","1987-04-26 17:24:36"
"1105","25","450","2013-03-12 03:44:49"
"1106","27","1683","1984-10-30 16:22:15"
"1107","24","1312","1998-01-01 23:50:36"
"1108","4","549","2007-07-06 22:34:03"
"1109","56","641","1990-11-25 10:07:33"
"1110","31","348","2013-10-05 10:34:19"
"1111","6","352","1988-11-05 07:49:40"
"1112","48","1514","2020-01-30 18:40:14"
"1113","71","1993","2002-01-10 03:08:18"
"1114","37","737","1993-01-01 20:18:44"
"1115","35","431","1972-07-02 13:08:09"
"1116","19","710","2009-08-29 02:49:28"
"1117","12","938","1981-05-20 14:44:09"
"1118","95","807","1971-04-10 02:28:42"
"1119","90","964","1981-07-19 17:23:55"
"1120","88","35","2015-06-13 17:28:25"
"1121","49","1845","2021-04-09 06:49:07"
"1122","74","241","1993-07-11 06:06:22"
"1123","82","359","1993-07-10 09:36:45"
"1124","79","1794","2011-08-10 20:56:55"
"1125","65","1615","1974-11-18 08:10:11"
"1126","72","625","2013-01-28 02:56:10"
"1127","41","268","2019-12-29 12:45:24"
"1128","68","1296","1975-06-12 01:59:04"
"1129","82","888","2007-02-13 09:18:29"
"1130","64","227","2003-06-11 11:56:02"
"1131","22","309","2006-10-22 01:33:05"
"1132","46","201","1980-10-13 03:09:24"
"1133","46","1097","1985-03-25 03:02:43"
"1134","91","145","2007-12-04 05:33:34"
"1135","96","374","1997-11-30 04:30:37"
"1136","55","644","2015-10-29 11:27:30"
"1137","56","1735","1994-03-01 00:29:16"
"1138","12","594","2020-03-25 17:09:38"
"1139","43","466","1982-06-09 01:36:28"
"1140","39","1991","1978-03-13 10:47:35"
"1141","84","1748","1988-08-17 23:26:08"
"1142","7","626","1995-08-14 04:33:27"
"1143","74","1734","2020-11-27 17:15:32"
"1144","24","1139","1982-12-19 11:23:06"
"1145","69","716","1994-11-27 06:44:41"
"1146","15","1743","2009-03-10 20:05:49"
"1147","66","1501","1993-10-28 17:00:34"
"1148","27","1200","2015-10-05 11:39:38"
"1149","67","1395","2011-07-31 03:58:47"
"1150","27","605","1979-11-26 10:17:58"
"1151","50","798","1982-10-06 00:19:14"
"1152","23","541","1971-10-05 13:47:03"
"1153","31","1991","1992-11-07 18:35:09"
"1154","82","1266","1979-12-27 02:22:07"
"1155","13","325","1989-07-22 20:17:05"
"1156","3","564","2020-11-23 16:31:53"
"1157","68","1426","1985-01-18 16:44:32"
"1158","43","772","1981-01-14 02:01:34"
"1159","68","749","2020-04-18 12:59:14"
"1160","14","1232","1993-12-18 14:02:57"
"1161","7","767","1986-06-20 00:21:53"
"1162","81","1146","2022-01-14 02:21:11"
"1163","82","1409","1998-04-11 15:06:12"
"1164","76","1395","1972-08-02 04:36:08"
"1165","12","439","2012-06-20 23:26:06"
"1166","72","972","2001-09-11 03:21:12"
"1167","82","625","2003-11-29 00:14:10"
"1168","11","1408","1970-03-12 11:18:00"
"1169","91","1324","1982-10-09 00:03:38"
"1170","11","1790","1973-08-12 16:39:18"
"1171","56","840","1997-02-04 11:23:31"
"1172","41","1129","1978-09-10 19:40:18"
"1173","40","298","2019-10-18 02:15:07"
"1174","4","90","2000-02-17 09:12:32"
"1175","17","1252","1985-11-03 12:47:44"
"1176","7","1857","2010-08-25 18:49:58"
"1177","37","988","2000-08-09 22:15:06"
"1178","92","332","1985-01-03 22:19:45"
"1179","38","1309","1977-09-29 04:21:31"
"1180","66","1014","1991-06-08 22:52:55"
"1181","95","450","1974-03-30 04:54:26"
"1182","31","791","2004-07-14 13:19:06"
"1183","58","140","1977-01-18 07:50:41"
"1184","13","383","1989-10-06 18:40:47"
"1185","36","1837","2014-10-27 23:28:27"
"1186","30","871","1988-10-19 21:51:09"
"1187","69","875","1984-05-10 04:19:19"
"1188","74","667","2002-10-17 17:25:57"
"1189","28","1009","1974-09-29 23:46:47"
"1190","40","1176","1975-05-03 11:38:34"
"1191","76","410","1981-09-16 05:25:00"
"1192","87","335","1983-05-07 03:15:00"
"1193","1","803","1996-09-21 10:44:42"
"1194","38","376","2022-07-17 07:28:23"
"1195","86","1337","2022-09-03 13:10:13"
"1196","59","272","1975-10-01 07:02:23"
"1197","24","1397","1997-07-12 11:22:06"
"1198","41","1444","1977-02-09 04:57:02"
"1199","89","361","1988-08-26 03:32:53"
"1200","80","487","2017-02-10 20:12:13"
"1201","26","917","2021-04-30 19:21:40"
"1202","89","1269","1997-07-12 23:45:16"
"1203","90","641","1996-04-20 11:59:02"
"1204","24","1012","1977-10-06 13:13:46"
"1205","78","1368","1993-09-01 12:01:43"
"1206","63","1874","1985-12-21 17:10:31"
"1207","92","1556","2012-06-15 14:54:42"
"1208","91","794","2013-10-11 09:41:42"
"1209","0","983","1975-02-02 17:30:52"
"1210","96","1235","2007-09-04 06:17:19"
"1211","79","568","2012-03-01 20:55:24"
"1212","34","210","1973-05-06 07:46:23"
"1213","69","1332","1997-03-20 23:47:44"
"1214","98","746","1990-04-01 12:42:36"
"1215","47","212","2011-12-13 09:06:39"
"1216","11","1390","1993-03-10 01:54:24"
"1217","4","1555","1984-06-06 20:03:37"
"1218","36","555","2010-07-31 06:13:14"
"1219","6","549","1972-08-09 03:41:55"
"1220","0","1734","1976-04-10 00:01:52"
"1221","14","1409","1980-06-07 14:58:12"
"1222","12","892","1972-10-22 21:23:48"
"1223","66","633","2002-11-28 07:12:09"
"1224","7","785","1987-10-26 16:12:12"
"1225","54","772","2003-03-04 16:42:42"
"1226","21","292","1971-12-23 12:46:28"
"1227","18","750","1982-07-25 06:40:26"
"1228","60","1544","1990-08-04 16:13:36"
"1229","1","1234","1989-09-01 19:42:18"
"1230","87","1210","2018-03-03 08:07:14"
"1231","50","212","1993-03-09 23:34:54"
"1232","86","993","1975-02-19 06:36:12"
"1233","26","121","2017-01-02 22:44:55"
"1234","5","305","1971-05-04 13:30:27"
"1235","56","1469","2004-07-02 20:43:16"
"1236","78","366","1974-09-07 06:50:11"
"1237","89","325","2007-04-12 04:29:41"
"1238","3","1655","1990-04-30 22:20:55"
"1239","90","585","1978-05-05 18:18:52"
"1240","46","1953","2019-07-18 08:29:34"
"1241","16","1872","1972-10-15 19:30:36"
"1242","95","1210","1985-05-26 08:59:49"
"1243","55","104","2010-07-01 15:17:36"
"1244","76","1242","1989-04-17 07:21:41"
"1245","56","1011","1977-09-15 00:04:58"
"1246","62","1478","1995-11-23 21:31:03"
"1247","11","1442","1999-04-20 17:23:18"
"1248","91","732","1971-12-24 09:21:34"
"1249","0","1639","2002-08-18 22:00:09"
"1250","55","1683","2005-12-01 16:44:10"
"1251","56","629","2009-06-06 17:05:16"
"1252","46","1294","1988-08-18 11:16:24"
"1253","65","1640","2001-09-03 22:47:16"
"1254","64","348","1996-02-12 12:58:59"
"1255","28","1650","1977-06-04 20:39:50"
"1256","17","1968","1997-08-10 13:25:14"
"1257","1","827","2015-09-18 01:25:08"
"1258","50","362","1977-06-24 16:01:08"
"1259","83","204","1977-09-12 14:36:26"
"1260","29","218","1984-08-08 16:24:06"
"1261","81","632","1996-03-06 08:28:50"
"1262","5","1293","1993-04-01 02:30:28"
"1263","41","1795","2007-12-14 05:58:54"
"1264","86","186","2018-04-01 07:54:19"
"1265","84","1340","1991-09-02 17:29:58"
"1266","49","778","1983-08-05 10:45:34"
"1267","17","310","2017-05-15 13:31:08"
"1268","67","1230","2008-08-13 08:30:05"
"1269","55","811","1992-07-14 15:30:34"
"1270","18","334","2017-10-12 08:44:27"
"1271","59","1683","1994-08-29 10:23:51"
"1272","81","1463","2018-06-21 12:25:01"
"1273","68","767","1988-04-23 06:06:54"
"1274","89","1090","1971-10-02 22:47:25"
"1275","99","410","2011-10-22 20:24:52"
"1276","66","6","1982-04-18 21:58:52"
"1277","52","850","1975-10-12 22:43:15"
"1278","61","1870","1996-04-19 23:14:22"
"1279","6","1427","1973-08-20 17:36:09"
"1280","93","1830","2012-12-23 15:16:19"
"1281","1","1244","2011-08-04 20:23:00"
"1282","45","315","1993-08-15 17:02:10"
"1283","56","326","2014-05-04 04:41:32"
"1284","79","1230","2016-02-01 02:22:28"
"1285","33","1049","1978-06-12 06:04:37"
"1286","64","794","2020-08-04 00:21:33"
"1287","14","1837","1991-10-01 14:59:21"
"1288","21","1626","2012-05-19 21:17:37"
"1289","31","293","1997-03-23 11:11:07"
"1290","89","1794","1972-11-05 12:31:45"
"1291","39","266","1994-10-27 00:54:44"
"1292","28","1841","1986-05-30 11:14:14"
"1293","69","1355","2001-04-29 11:19:40"
"1294","68","303","2004-07-24 03:02:15"
"1295","3","1091","1972-10-29 14:20:49"
"1296","6","438","1987-08-10 12:22:27"
"1297","99","1543","2017-10-04 04:27:17"
"1298","95","476","1984-07-24 03:31:33"
"1299","70","293","2017-03-30 19:51:53"
"1300","2","180","1972-06-25 20:34:43"
"1301","26","1837","2022-03-06 07:45:24"
"1302","91","1757","1994-12-28 03:22:12"
"1303","2","1967","1984-07-24 05:38:58"
"1304","57","1040","2019-05-04 05:51:12"
"1305","19","843","1994-11-28 19:47:44"
"1306","97","662","1989-05-02 16:27:41"
"1307","98","1288","2016-07-04 21:47:52"
"1308","96","770","1971-04-10 15:16:32"
"1309","23","1653","1986-03-12 22:25:56"
"1310","76","1953","1975-09-02 00:48:12"
"1311","47","934","2020-10-27 11:57:05"
"1312","13","1752","1989-04-27 01:21:50"
"1313","17","308","1980-12-29 16:20:00"
"1314","25","1210","2012-05-04 04:06:03"
"1315","92","6","2019-12-19 02:34:55"
"1316","34","180","1973-01-23 16:22:11"
"1317","79","385","2001-02-01 02:27:49"
"1318","36","1488","1988-06-26 00:41:27"
"1319","50","806","1974-07-08 18:38:17"
"1320","85","309","1983-06-16 08:51:24"
"1321","7","351","1982-12-31 11:59:01"
"1322","83","311","1973-02-21 10:13:01"
"1323","25","1298","2009-12-13 20:51:39"
"1324","45","1228","2005-06-16 05:15:11"
"1325","40","399","2017-12-23 18:58:01"
"1326","9","214","1970-08-29 23:01:26"
"1327","16","246","2006-05-28 21:40:03"
"1328","86","223","1978-03-21 22:47:41"
"1329","54","1044","1983-01-03 01:54:29"
"1330","68","1441","2005-12-20 18:07:28"
"1331","15","322","2007-11-17 17:46:09"
"1332","36","696","2012-06-28 23:06:44"
"1333","75","466","1980-01-22 00:23:11"
"1334","55","1563","1973-01-08 03:02:54"
"1335","60","495","1978-05-09 22:14:21"
"1336","93","1044","2020-06-07 06:53:02"
"1337","34","1118","1988-01-18 13:03:12"
"1338","44","949","1991-07-25 14:46:01"
"1339","18","1294","2011-08-05 21:12:36"
"1340","53","352","1973-08-26 11:17:36"
"1341","70","235","2006-04-13 16:35:38"
"1342","63","1863","1994-02-13 17:34:03"
"1343","88","1006","1990-11-26 10:06:34"
"1344","96","135","1971-04-07 18:26:12"
"1345","31","376","1977-12-27 15:44:15"
"1346","52","943","1971-11-26 06:46:38"
"1347","10","1851","2009-02-03 02:35:18"
"1348","86","1831","2015-06-30 10:52:58"
"1349","3","196","2007-11-17 05:37:06"
"1350","16","1396","2016-02-11 09:25:42"
"1351","19","695","2005-08-11 08:50:54"
"1352","35","656","1996-08-06 23:05:09"
"1353","38","1130","2011-10-10 00:21:12"
"1354","41","759","2018-03-04 22:12:27"
"1355","16","691","1992-08-26 16:59:19"
"1356","14","1578","1992-12-15 16:12:12"
"1357","36","1376","1973-05-05 12:43:45"
"1358","61","1857","2008-06-19 02:26:53"
"1359","66","1946","1991-07-13 03:53:31"
"1360","34","1045","2014-01-12 16:25:36"
"1361","18","1486","2019-06-07 00:59:41"
"1362","16","1790","2007-09-19 08:51:43"
"1363","2","1286","1982-06-15 04:58:39"
"1364","7","1867","1993-07-10 16:06:54"
"1365","69","1783","1993-03-12 21:04:46"
"1366","3","1886","1983-10-09 01:05:17"
"1367","41","152","1993-04-07 23:20:01"
"1368","88","1591","2000-04-15 08:20:14"
"1369","96","1292","2007-02-25 21:14:28"
"1370","81","750","2006-07-29 05:11:42"
"1371","79","1055","2003-11-30 12:08:15"
"1372","40","1537","1989-11-22 00:26:46"
"1373","25","192","2008-11-13 22:57:48"
"1374","96","1043","1987-05-28 04:56:22"
"1375","11","1965","1988-06-03 22:08:22"
"1376","64","1984","1975-02-12 05:32:50"
"1377","3","824","2001-08-06 17:44:56"
"1378","24","1863","1994-04-19 21:13:25"
"1379","94","1452","1996-12-24 22:14:43"
"1380","93","324","1987-10-25 09:04:06"
"1381","58","144","1985-12-28 12:32:48"
"1382","15","1113","2021-09-29 05:54:01"
"1383","2","1277","1981-02-27 17:00:58"
"1384","76","1263","1989-02-19 08:00:35"
"1385","16","1595","2002-02-13 08:38:24"
"1386","88","1768","1991-06-12 01:54:07"
"1387","1","483","2016-11-22 03:21:26"
"1388","54","1253","2000-07-31 21:47:02"
"1389","58","172","2009-10-04 02:53:33"
"1390","71","441","1976-10-31 21:55:39"
"1391","18","762","2016-07-16 04:31:50"
"1392","46","1008","2021-11-11 11:01:48"
"1393","63","925","1991-10-18 17:50:06"
"1394","81","1852","1975-09-19 20:12:21"
"1395","56","1650","2010-02-08 23:42:26"
"1396","14","886","1986-01-20 12:41:13"
"1397","19","79","1975-03-02 15:35:13"
"1398","74","735","2019-09-16 09:58:45"
"1399","14","545","2009-09-04 16:32:24"
"1400","27","460","1995-06-03 13:49:20"
"1401","49","226","2018-06-28 19:40:27"
"1402","8","1698","2005-10-13 08:48:32"
"1403","37","1184","1982-06-14 13:26:21"
"1404","83","1118","2008-03-13 12:38:40"
"1405","88","1228","1986-06-07 09:38:09"
"1406","70","1806","1983-05-06 19:44:06"
"1407","66","1853","2013-04-27 15:38:39"
"1408","78","1365","2014-09-30 05:22:42"
"1409","7","488","1970-02-11 21:42:23"
"1410","76","226","1989-06-14 08:37:25"
"1411","65","387","2015-06-13 03:54:39"
"1412","97","272","2018-01-12 22:35:45"
"1413","8","183","1982-11-05 13:32:09"
"1414","31","1788","1988-03-04 16:06:27"
"1415","98","1017","2017-03-08 18:27:41"
"1416","50","626","1979-11-04 23:14:53"
"1417","5","1477","1995-07-03 19:49:47"
"1418","34","1920","1994-05-19 03:07:05"
"1419","52","932","1990-06-15 07:29:21"
"1420","34","936","2022-07-29 02:12:04"
"1421","9","1827","2017-07-16 20:51:55"
"1422","55","1161","2004-06-02 13:41:33"
"1423","31","579","1977-01-21 17:49:11"
"1424","20","1816","1982-10-15 10:48:00"
"1425","1","1187","2011-02-17 16:16:01"
"1426","33","1977","1987-01-30 13:00:33"
"1427","49","1184","1990-11-10 09:45:34"
"1428","93","1721","1971-10-24 10:57:22"
"1429","77","1137","2016-04-08 06:59:02"
"1430","32","1724","2000-02-21 11:03:43"
"1431","36","552","1985-10-25 18:31:32"
"1432","74","201","1987-09-08 12:02:01"
"1433","8","443","2018-09-24 05:00:33"
"1434","99","1524","2010-06-19 07:31:46"
"1435","54","186","2000-06-30 18:52:24"
"1436","44","1310","1971-02-28 04:33:01"
"1437","17","37","1973-09-18 03:05:16"
"1438","94","568","1998-12-03 06:50:52"
"1439","52","1415","1998-09-10 00:10:21"
"1440","67","1679","1972-12-08 17:14:48"
"1441","82","1685","1985-06-26 16:02:50"
"1442","59","1152","1975-01-22 17:24:35"
"1443","15","1246","2017-03-13 12:25:06"
"1444","90","1288","2018-04-28 11:32:06"
"1445","49","578","2006-06-06 11:28:53"
"1446","11","1130","2009-09-06 04:42:50"
"1447","94","433","1971-08-08 18:01:51"
"1448","82","1486","1995-01-01 09:44:36"
"1449","37","1648","2008-09-06 22:56:20"
"1450","58","1286","2012-02-23 03:33:39"
"1451","18","1935","2010-04-26 19:20:58"
"1452","44","1885","1998-07-12 14:36:47"
"1453","27","1332","1978-12-22 07:29:40"
"1454","52","1761","2014-09-20 20:51:46"
"1455","73","1580","1977-10-10 17:22:09"
"1456","77","1865","1989-01-31 18:37:17"
"1457","47","487","1993-12-11 17:16:48"
"1458","25","1143","1983-03-11 18:56:06"
"1459","26","902","2017-08-27 16:44:56"
"1460","56","1256","2001-12-09 23:35:10"
"1461","32","1355","1985-07-07 18:04:51"
"1462","75","1140","1994-05-14 10:41:27"
"1463","49","77","1982-11-17 21:21:03"
"1464","4","1298","2004-06-19 01:49:12"
"1465","26","840","1972-01-07 21:47:53"
"1466","66","1822","2003-09-12 22:43:59"
"1467","89","1888","1987-07-19 03:37:31"
"1468","82","1632","1976-02-17 17:01:57"
"1469","23","590","2007-01-01 11:49:04"
"1470","92","1176","1977-12-20 07:02:45"
"1471","71","1232","2002-08-18 06:20:10"
"1472","65","420","1992-04-29 17:29:41"
"1473","24","840","2007-11-06 12:17:44"
"1474","80","334","1992-02-10 11:33:56"
"1475","71","1901","2001-08-31 02:00:46"
"1476","6","299","2013-08-07 10:25:13"
"1477","58","1924","1995-08-23 20:43:48"
"1478","57","1484","1983-05-02 18:07:28"
"1479","94","1472","1972-06-22 21:39:07"
"1480","67","1780","1985-01-07 23:11:05"
"1481","11","1053","1991-10-05 05:30:33"
"1482","75","1819","1980-04-30 06:54:00"
"1483","44","584","1982-07-03 13:33:16"
"1484","71","962","1986-02-03 16:58:10"
"1485","25","912","2002-04-29 17:38:48"
"1486","59","465","1970-07-27 15:54:10"
"1487","60","441","2013-01-05 14:12:59"
"1488","49","476","1981-04-19 05:00:40"
"1489","10","1946","1972-08-16 02:16:19"
"1490","56","917","1991-06-11 00:22:37"
"1491","99","1101","1975-02-11 09:25:11"
"1492","62","690","1975-07-22 14:46:11"
"1493","69","144","1982-03-24 10:07:36"
"1494","52","1100","1978-01-29 16:53:30"
"1495","80","262","2017-01-20 10:16:36"
"1496","98","1743","2002-04-24 16:00:13"
"1497","30","1165","1973-03-28 14:07:34"
"1498","38","1806","1978-02-18 20:26:44"
"1499","59","1863","1984-02-04 01:07:01"
"1500","19","1061","1992-01-05 10:37:10"
"1501","98","6","1999-09-03 17:28:09"
"1502","59","1573","2008-06-23 00:56:59"
"1503","63","411","1977-06-29 13:55:20"
"1504","25","1293","2010-03-05 20:43:16"
"1505","97","706","1994-11-08 20:54:35"
"1506","22","1080","1993-11-02 01:45:39"
"1507","74","1781","2014-07-20 21:18:17"
"1508","77","1632","1990-09-01 07:43:20"
"1509","39","1613","2012-03-10 20:11:46"
"1510","17","1222","2003-05-15 10:10:52"
"1511","4","36","2015-10-27 16:51:03"
"1512","72","785","1986-02-28 19:28:39"
"1513","58","1901","1987-09-13 16:28:16"
"1514","74","808","1991-11-19 03:06:29"
"1515","5","1832","1997-06-25 08:59:04"
"1516","51","1828","1987-09-13 12:29:09"
"1517","92","1504","1974-07-14 12:43:16"
"1518","15","1744","1972-12-04 08:36:28"
"1519","0","1532","2015-05-12 08:16:54"
"1520","84","1073","1973-11-02 03:15:34"
"1521","92","366","1996-08-28 01:10:50"
"1522","22","122","2020-03-10 22:18:20"
"1523","61","1069","1999-07-23 21:23:12"
"1524","31","1966","1992-06-21 17:55:01"
"1525","51","1242","2002-05-15 00:52:14"
"1526","45","135","1981-07-26 14:05:09"
"1527","1","1885","1999-01-31 17:45:18"
"1528","97","798","1984-05-12 18:08:34"
"1529","85","1651","2019-04-01 11:50:47"
"1530","2","138","1998-03-14 14:34:43"
"1531","2","1282","2009-04-11 08:09:12"
"1532","29","1973","1987-08-30 20:39:14"
"1533","7","1279","2003-03-31 06:35:36"
"1534","55","1763","2019-10-09 04:27:23"
"1535","12","138","2004-05-18 20:05:43"
"1536","56","590","2010-07-08 17:10:45"
"1537","85","76","2019-07-29 02:02:18"
"1538","61","463","1992-09-27 19:43:33"
"1539","28","789","1983-04-18 06:45:59"
"1540","51","1966","1995-07-24 01:54:52"
"1541","18","1244","1995-07-29 23:50:26"
"1542","13","910","2009-04-28 13:52:47"
"1543","14","1214","2017-10-05 22:26:32"
"1544","12","324","2020-03-26 17:20:00"
"1545","4","383","2002-05-26 09:23:47"
"1546","78","1100","2003-03-07 03:21:19"
"1547","45","195","2012-09-15 03:35:07"
"1548","34","1874","1994-09-28 09:00:07"
"1549","53","1918","1973-07-20 23:27:38"
"1550","47","49","1990-06-18 19:16:16"
"1551","47","65","1993-01-17 15:18:26"
"1552","86","342","1999-10-19 16:22:03"
"1553","88","1440","1996-11-23 11:16:15"
"1554","54","1482","1974-12-03 05:24:48"
"1555","66","1323","1983-08-27 12:10:25"
"1556","86","1324","2016-08-30 19:56:35"
"1557","32","1144","1999-10-14 17:02:27"
"1558","21","106","2001-03-27 11:51:16"
"1559","41","1772","1980-05-29 05:24:36"
"1560","89","1368","1981-07-08 01:22:15"
"1561","98","868","1976-05-03 16:50:44"
"1562","41","1798","2002-04-04 10:07:31"
"1563","16","497","1991-06-03 21:07:58"
"1564","88","26","2001-12-05 13:42:43"
"1565","14","459","2020-10-04 16:56:59"
"1566","95","377","1985-12-25 13:28:31"
"1567","93","239","2012-07-10 06:26:34"
"1568","73","500","2009-12-11 13:04:10"
"1569","27","82","1991-03-23 21:57:06"
"1570","71","1616","2011-01-11 02:14:03"
"1571","84","1424","1978-12-09 20:58:54"
"1572","88","839","1997-03-26 00:28:02"
"1573","44","1159","2010-04-20 00:29:23"
"1574","63","1024","1995-06-24 10:49:58"
"1575","1","1514","1972-12-04 19:23:16"
"1576","83","1990","2010-06-16 18:46:30"
"1577","59","1691","1970-12-26 05:21:42"
"1578","62","950","1971-10-22 19:33:26"
"1579","20","1016","2012-04-16 09:24:03"
"1580","80","1556","2017-09-16 20:13:52"
"1581","12","555","2011-05-23 17:19:16"
"1582","16","1486","1981-08-22 18:34:23"
"1583","16","802","1992-06-23 06:44:33"
"1584","47","1180","1991-05-23 09:53:17"
"1585","95","1073","1974-10-06 11:22:46"
"1586","74","1066","2006-08-22 11:02:29"
"1587","78","798","2005-04-14 19:47:51"
"1588","57","1857","1972-10-17 05:37:46"
"1589","68","1427","1991-06-09 13:35:15"
"1590","89","1573","2001-04-05 03:15:29"
"1591","58","1317","1986-01-27 07:22:45"
"1592","68","59","1985-04-09 03:50:16"
"1593","29","1031","2021-06-26 12:39:41"
"1594","67","772","1984-08-22 07:18:23"
"1595","86","307","2005-05-29 00:04:32"
"1596","56","1242","2011-02-28 12:32:22"
"1597","70","559","1992-10-05 09:36:51"
"1598","15","345","1975-11-08 15:51:42"
"1599","49","1590","1985-12-03 05:23:22"
"1600","55","366","2002-11-26 04:31:23"
"1601","81","1727","2019-01-22 05:42:08"
"1602","19","229","1994-11-16 21:12:39"
"1603","16","1661","1971-02-05 17:03:07"
"1604","85","1512","2014-12-23 19:14:55"
"1605","8","1218","2009-03-12 09:58:00"
"1606","42","1615","2000-08-01 02:37:07"
"1607","17","336","2001-08-06 10:57:14"
"1608","43","1532","1973-03-27 21:20:03"
"1609","44","946","2021-11-03 16:06:39"
"1610","26","1288","2011-06-09 23:04:49"
"1611","93","1362","2009-12-06 18:44:20"
"1612","21","1642","1979-05-28 16:27:01"
"1613","77","663","1979-01-20 23:46:34"
"1614","95","607","1974-04-14 07:23:11"
"1615","56","404","1989-11-09 01:05:55"
"1616","51","1832","2020-03-17 23:29:44"
"1617","90","880","2004-10-30 21:24:11"
"1618","57","1092","2021-04-07 18:04:56"
"1619","37","606","2007-07-16 06:49:44"
"1620","71","1492","1995-12-26 11:07:20"
"1621","3","1293","1972-12-23 09:38:42"
"1622","66","753","1995-12-16 00:24:32"
"1623","81","1665","2013-07-14 03:22:37"
"1624","84","1296","2002-07-19 22:48:33"
"1625","3","1271","2011-02-14 07:42:56"
"1626","98","272","1988-01-22 22:40:39"
"1627","5","791","1986-05-30 10:47:22"
"1628","24","401","2003-04-03 06:05:00"
"1629","73","1355","2011-01-04 14:04:43"
"1630","62","540","1982-05-02 11:40:51"
"1631","44","1190","2008-10-21 19:07:16"
"1632","45","565","2007-10-02 04:12:22"
"1633","28","1044","2020-01-31 11:09:39"
"1634","13","1043","1975-03-30 13:47:35"
"1635","60","68","2020-08-01 12:40:41"
"1636","41","1506","2014-11-25 18:23:55"
"1637","40","792","2021-02-07 09:18:53"
"1638","58","429","2014-06-18 11:17:34"
"1639","56","1470","1982-04-20 02:06:48"
"1640","3","1857","2014-12-19 18:02:06"
"1641","61","1469","1972-11-08 18:07:32"
"1642","90","1724","2011-01-10 07:58:37"
"1643","83","1440","1995-02-05 23:55:40"
"1644","10","1865","1981-08-24 10:56:28"
"1645","69","181","1989-02-14 10:43:41"
"1646","54","861","2006-07-10 15:59:18"
"1647","32","116","2018-11-05 02:01:57"
"1648","52","1293","2006-12-18 17:09:59"
"1649","40","1310","1990-12-30 05:15:11"
"1650","57","1501","2008-11-21 09:31:29"
"1651","80","960","2021-08-07 13:11:07"
"1652","17","808","2016-06-07 02:15:48"
"1653","30","690","2011-01-24 04:55:23"
"1654","2","1641","2022-02-10 00:24:18"
"1655","26","181","2008-04-08 17:42:24"
"1656","40","424","2013-06-10 12:22:39"
"1657","45","911","1995-04-21 21:26:41"
"1658","0","1230","2008-03-26 14:57:19"
"1659","57","20","2021-02-14 05:55:45"
"1660","92","1945","1990-01-31 20:03:24"
"1661","47","1330","1988-07-20 14:07:14"
"1662","77","1055","2012-11-13 01:12:22"
"1663","88","170","1985-01-02 17:29:49"
"1664","97","1171","1993-10-23 18:14:58"
"1665","68","1080","2004-07-28 19:07:31"
"1666","18","1737","1976-05-26 07:42:16"
"1667","56","1426","1974-11-04 11:31:59"
"1668","6","1447","2011-02-03 03:20:05"
"1669","81","483","1993-12-13 23:53:53"
"1670","36","1754","1979-05-10 09:07:22"
"1671","94","1725","2011-03-17 14:29:03"
"1672","76","1700","1970-06-10 05:25:21"
"1673","57","155","2010-06-23 04:32:39"
"1674","65","1426","1993-04-21 13:06:58"
"1675","29","902","1989-04-06 03:16:04"
"1676","0","24","2017-10-13 01:22:53"
"1677","17","789","2015-10-07 17:04:42"
"1678","41","1039","1980-02-11 00:05:56"
"1679","42","1194","1970-07-14 20:29:53"
"1680","90","406","1991-04-19 11:05:06"
"1681","82","1761","1981-09-07 09:29:38"
"1682","56","1143","1974-04-15 06:07:26"
"1683","94","445","1973-07-24 06:20:39"
"1684","59","1936","2022-08-07 08:40:55"
"1685","91","1689","1974-06-21 01:30:15"
"1686","99","555","1997-09-08 13:14:08"
"1687","14","1434","1982-02-09 10:32:34"
"1688","57","1077","2011-03-10 16:44:27"
"1689","41","746","2000-10-12 12:06:32"
"1690","85","1721","1985-08-11 09:23:21"
"1691","56","1139","2015-10-17 20:00:19"
"1692","70","482","1993-11-28 06:27:33"
"1693","5","1200","1988-08-05 07:30:22"
"1694","55","76","1981-01-07 01:28:22"
"1695","82","94","2017-03-11 02:02:32"
"1696","97","150","1986-06-02 02:40:52"
"1697","52","1165","1996-01-27 22:51:09"
"1698","29","176","1973-12-17 10:04:46"
"1699","27","59","1980-03-09 03:19:39"
"1700","66","35","1982-02-27 04:43:35"
"1701","37","636","1997-09-04 16:50:59"
"1702","54","1132","1995-04-07 15:23:31"
"1703","8","632","1999-08-02 06:59:58"
"1704","24","1594","1975-08-17 08:56:23"
"1705","65","991","1991-11-30 07:53:42"
"1706","36","1016","1989-06-27 09:57:51"
"1707","94","550","1999-05-10 13:45:43"
"1708","33","401","2002-08-24 01:28:54"
"1709","8","1935","1976-07-11 12:36:20"
"1710","92","1038","2015-12-31 23:36:40"
"1711","58","1813","2018-04-01 21:05:38"
"1712","53","1800","1970-01-18 16:11:40"
"1713","48","1170","1986-01-03 04:43:24"
"1714","42","26","1989-09-30 16:01:22"
"1715","64","905","1979-07-15 08:48:01"
"1716","95","328","1976-09-10 04:00:28"
"1717","70","1985","2013-03-27 20:42:00"
"1718","3","542","1991-05-23 22:27:26"
"1719","38","1294","1971-07-17 22:00:06"
"1720","63","437","2005-12-20 13:13:40"
"1721","22","1726","2021-01-04 05:57:20"
"1722","62","168","2015-01-04 08:38:19"
"1723","61","104","1991-04-12 19:13:16"
"1724","23","169","1984-03-16 08:33:14"
"1725","77","841","1970-03-19 05:34:02"
"1726","42","1052","1996-12-22 20:50:59"
"1727","65","945","1994-04-05 00:54:50"
"1728","32","868","2004-09-15 15:25:48"
"1729","52","246","1994-05-14 16:56:14"
"1730","2","21","1978-04-23 06:23:49"
"1731","82","1852","1984-02-16 00:19:18"
"1732","43","1105","1974-09-10 22:15:16"
"1733","5","1134","1978-04-28 01:14:04"
"1734","5","877","1980-11-29 20:23:11"
"1735","7","1509","2004-02-25 23:49:03"
"1736","85","967","2006-07-28 10:58:02"
"1737","66","1501","2004-08-10 15:57:48"
"1738","1","1337","1983-08-01 19:31:58"
"1739","67","185","1973-02-28 18:34:51"
"1740","65","450","1986-11-10 12:31:46"
"1741","76","1524","1983-08-14 10:24:16"
"1742","1","1610","1992-07-12 23:18:27"
"1743","26","529","1996-11-15 16:18:20"
"1744","43","1302","1992-05-07 12:29:58"
"1745","45","197","2013-09-23 14:17:32"
"1746","41","386","1992-02-27 03:01:01"
"1747","5","875","2001-07-13 13:16:46"
"1748","59","1639","1972-10-11 23:29:17"
"1749","37","1283","1996-08-03 13:19:04"
"1750","84","85","1984-01-18 21:58:35"
"1751","19","456","1985-03-07 14:59:32"
"1752","94","191","1985-08-01 20:05:01"
"1753","73","541","1971-03-09 18:12:29"
"1754","99","1100","1978-06-29 17:47:29"
"1755","15","1119","1975-03-21 05:17:19"
"1756","40","993","1978-11-27 12:55:19"
"1757","73","1720","1987-09-05 06:09:11"
"1758","42","1624","2019-10-28 00:08:52"
"1759","38","1140","1989-05-10 06:34:44"
"1760","33","334","1974-05-17 05:31:15"
"1761","89","403","2008-09-12 09:48:11"
"1762","93","354","2018-11-30 01:51:16"
"1763","35","456","1993-01-27 05:14:37"
"1764","27","1816","1981-11-02 10:11:40"
"1765","23","1540","1972-08-01 16:44:33"
"1766","32","1539","2014-08-06 09:42:05"
"1767","46","343","1981-06-02 22:32:22"
"1768","32","570","1981-11-19 14:46:19"
"1769","71","609","1972-01-14 03:55:53"
"1770","48","352","1986-02-04 03:15:24"
"1771","65","1123","1981-11-28 00:40:19"
"1772","58","654","2017-12-14 01:27:43"
"1773","76","1143","1981-10-11 03:18:28"
"1774","94","1540","2016-09-06 22:58:34"
"1775","68","974","1989-05-17 10:44:10"
"1776","4","763","2001-10-31 12:18:34"
"1777","7","934","2022-05-01 08:34:00"
"1778","73","1679","1992-09-02 01:32:45"
"1779","55","598","2021-11-03 13:58:38"
"1780","2","749","1972-09-21 13:42:41"
"1781","14","1168","1993-01-21 09:25:55"
"1782","0","630","1978-08-02 19:31:10"
"1783","15","1190","1981-03-31 10:49:05"
"1784","49","1350","2013-01-20 08:49:32"
"1785","72","1616","1974-09-22 02:12:31"
"1786","46","273","1981-04-03 01:25:10"
"1787","31","1685","1988-03-13 00:19:49"
"1788","68","1180","1972-03-17 09:59:44"
"1789","15","169","2000-07-14 14:01:21"
"1790","61","956","1982-05-06 12:56:27"
"1791","39","497","1991-04-04 13:05:50"
"1792","87","888","2009-08-29 01:39:28"
"1793","86","1066","1982-08-08 13:17:55"
"1794","39","778","1976-06-05 20:36:32"
"1795","5","611","2016-03-19 09:54:26"
"1796","26","143","1990-09-10 22:31:33"
"1797","0","1743","1999-05-21 17:26:00"
"1798","57","1264","1972-12-25 20:18:57"
"1799","1","1431","2006-10-30 11:01:51"
"1800","31","1857","1982-02-18 03:28:25"
"1801","44","1012","1992-12-04 18:04:53"
"1802","84","359","1996-02-23 22:17:59"
"1803","20","975","1975-09-26 11:19:01"
"1804","5","1795","2001-07-04 02:25:06"
"1805","80","527","2012-02-14 08:55:34"
"1806","20","1349","2007-02-21 12:25:47"
"1807","19","1783","2004-09-09 05:01:42"
"1808","28","1643","2009-03-28 23:29:03"
"1809","28","737","2009-04-04 03:38:32"
"1810","56","1670","1980-04-14 17:11:45"
"1811","51","1511","2018-03-06 00:19:08"
"1812","2","929","1988-07-07 17:06:51"
"1813","32","1778","1975-12-17 22:00:24"
"1814","95","1252","1970-02-19 18:09:42"
"1815","18","13","1998-02-12 20:09:16"
"1816","46","862","1987-11-28 16:20:13"
"1817","53","862","2017-10-14 08:53:17"
"1818","92","396","1996-07-26 19:38:10"
"1819","51","1950","2009-10-28 09:28:52"
"1820","22","956","1995-09-01 19:36:07"
"1821","93","1557","1997-03-28 19:22:35"
"1822","61","507","2008-01-08 04:39:35"
"1823","68","351","2003-01-11 07:50:43"
"1824","86","59","2015-03-08 18:53:03"
"1825","19","534","1991-01-04 00:43:54"
"1826","20","431","1983-06-27 01:59:43"
"1827","25","1100","1979-11-22 19:58:48"
"1828","59","497","1973-08-31 00:05:58"
"1829","36","1888","2015-06-24 23:46:16"
"1830","95","759","2011-06-25 15:43:27"
"1831","14","1724","2015-04-15 15:09:56"
"1832","35","387","1978-09-08 04:57:16"
"1833","82","1896","1976-11-24 18:29:18"
"1834","77","880","2000-08-11 09:46:26"
"1835","94","1292","1973-09-20 08:44:55"
"1836","13","1867","1982-06-12 20:39:20"
"1837","84","961","2014-10-14 16:00:50"
"1838","61","1013","1997-02-06 22:07:29"
"1839","81","673","1981-05-07 08:55:38"
"1840","31","142","2004-04-04 03:01:19"
"1841","17","233","2017-12-24 21:08:42"
"1842","46","1120","1981-07-13 02:57:26"
"1843","78","94","2013-06-12 16:08:09"
"1844","14","1270","1985-01-01 07:49:27"
"1845","42","844","2013-09-30 15:13:44"
"1846","85","1849","2013-10-02 05:45:52"
"1847","11","1779","1973-10-25 11:11:16"
"1848","46","518","1977-05-31 16:30:29"
"1849","56","767","2005-09-25 15:29:08"
"1850","70","1890","2009-12-26 16:57:59"
"1851","0","1576","2013-07-20 16:05:06"
"1852","82","299","2017-01-15 11:19:27"
"1853","22","1040","1981-07-31 22:46:59"
"1854","37","18","1981-04-18 15:24:42"
"1855","96","324","1974-08-04 14:02:59"
"1856","34","1477","1995-12-21 16:58:05"
"1857","82","1852","2021-08-14 10:24:44"
"1858","67","1769","2009-03-03 06:33:24"
"1859","32","1059","1989-04-26 10:07:49"
"1860","77","1092","1995-08-28 16:11:15"
"1861","60","406","1993-12-08 10:51:53"
"1862","20","305","1972-05-15 05:49:15"
"1863","95","1691","2013-05-24 10:19:55"
"1864","25","31","2003-08-26 02:06:46"
"1865","33","974","1986-01-05 16:14:43"
"1866","21","1617","2020-05-18 20:02:12"
"1867","55","1874","1973-06-13 09:51:39"
"1868","10","433","2010-06-09 15:01:23"
"1869","25","270","2005-02-11 23:03:32"
"1870","59","785","2015-10-17 13:19:04"
"1871","76","1613","2002-05-01 10:01:12"
"1872","69","769","2021-02-13 21:33:06"
"1873","37","186","1985-03-15 12:34:53"
"1874","60","1896","1990-11-14 07:42:09"
"1875","67","1364","2020-07-05 18:38:56"
"1876","72","946","1994-08-08 06:52:56"
"1877","77","1225","2018-11-15 06:03:34"
"1878","43","889","1985-12-26 18:56:07"
"1879","9","559","2010-11-15 06:38:43"
"1880","84","76","1972-03-05 02:56:39"
"1881","86","1876","1973-06-11 09:29:08"
"1882","92","1304","2000-05-08 04:12:43"
"1883","30","737","1999-04-10 03:34:40"
"1884","96","361","1994-05-27 20:25:55"
"1885","21","334","2008-01-08 20:11:54"
"1886","95","611","1996-05-10 08:13:32"
"1887","9","636","1989-08-23 06:05:22"
"1888","42","204","1973-09-09 04:18:39"
"1889","7","934","2013-03-03 15:44:09"
"1890","33","1091","1977-10-19 19:18:29"
"1891","40","299","1994-08-06 17:51:07"
"1892","2","1353","1972-01-13 16:50:12"
"1893","42","1279","1984-11-30 10:44:13"
"1894","14","784","1984-06-14 17:37:22"
"1895","47","372","2013-09-05 06:20:30"
"1896","25","1090","2011-07-08 12:21:13"
"1897","12","517","1991-10-14 14:38:28"
"1898","10","1292","1997-01-10 23:41:18"
"1899","67","1576","1980-06-24 08:12:30"
"1900","0","606","1991-06-06 21:07:11"
"1901","9","68","2012-04-12 22:46:14"
"1902","98","144","1982-07-09 23:15:23"
"1903","73","763","2001-06-07 20:32:19"
"1904","49","21","1982-02-25 06:11:59"
"1905","74","1514","1986-12-09 00:34:48"
"1906","57","804","1976-06-28 22:53:26"
"1907","58","1606","1996-09-13 20:35:02"
"1908","55","1023","2006-09-13 22:44:40"
"1909","66","1590","1985-03-19 21:56:30"
"1910","73","377","1986-10-09 23:14:57"
"1911","50","607","1974-07-13 14:35:09"
"1912","40","1214","2020-01-29 01:24:20"
"1913","0","665","1994-12-11 15:07:16"
"1914","9","1077","1991-03-30 14:38:26"
"1915","92","1178","1980-09-08 09:06:55"
"1916","79","1353","1970-03-11 09:28:56"
"1917","7","1578","1974-11-23 13:58:28"
"1918","0","1910","1987-10-23 17:23:46"
"1919","27","978","1980-05-08 14:44:53"
"1920","21","832","1970-12-23 17:17:26"
"1921","69","990","1988-01-24 12:51:13"
"1922","14","1097","1995-06-13 20:41:51"
"1923","6","1670","1977-11-07 16:51:55"
"1924","71","24","1987-05-03 10:12:55"
"1925","49","463","1979-12-28 04:00:40"
"1926","33","1700","2020-03-16 03:18:12"
"1927","15","767","1971-05-14 13:09:42"
"1928","18","578","1970-10-27 02:35:31"
"1929","90","1721","1983-09-21 19:13:52"
"1930","57","809","1997-03-16 16:05:00"
"1931","82","1170","2000-09-26 22:19:32"
"1932","57","1343","2012-10-18 10:04:14"
"1933","48","753","1987-03-14 17:32:35"
"1934","68","401","2010-05-26 20:25:02"
"1935","56","892","2004-07-19 05:30:24"
"1936","44","588","1990-04-15 23:56:44"
"1937","47","1835","1986-08-14 19:11:43"
"1938","70","1897","1995-03-17 23:43:02"
"1939","19","639","2021-11-21 07:13:23"
"1940","50","1665","2022-07-31 00:11:43"
"1941","47","1640","1997-01-08 19:16:42"
"1942","32","309","1974-12-26 09:51:26"
"1943","42","1814","2007-01-03 02:37:33"
"1944","96","1629","2003-04-14 09:36:09"
"1945","95","598","2006-08-21 01:36:25"
"1946","51","488","2011-01-05 12:30:37"
"1947","51","868","1973-07-01 22:49:59"
"1948","92","79","1986-02-15 13:07:00"
"1949","51","628","1991-10-02 09:31:55"
"1950","37","1532","2016-01-12 10:31:23"
"1951","37","452","1998-08-26 11:02:39"
"1952","43","533","2015-05-03 11:42:40"
"1953","82","859","2019-12-28 17:12:14"
"1954","53","621","1994-06-11 20:00:31"
"1955","66","1370","1997-07-23 02:31:35"
"1956","96","965","1990-11-23 09:06:18"
"1957","38","1264","1983-07-18 02:23:58"
"1958","32","1059","2009-01-30 19:48:35"
"1959","11","1012","1979-05-18 21:35:00"
"1960","23","1318","1979-04-29 03:29:27"
"1961","79","1120","1988-08-28 19:37:03"
"1962","55","343","1993-12-13 01:18:24"
"1963","55","878","1992-05-20 14:07:59"
"1964","78","728","1980-05-23 07:36:50"
"1965","87","49","2004-08-15 08:32:37"
"1966","90","1244","2013-09-16 22:49:54"
"1967","77","85","2021-03-10 01:15:30"
"1968","39","1734","1988-04-12 12:06:42"
"1969","90","644","2021-12-16 23:43:05"
"1970","92","1315","1987-08-20 00:22:07"
"1971","32","1065","1971-02-28 23:48:53"
"1972","25","82","2009-07-15 02:09:01"
"1973","4","1408","1989-11-30 19:21:52"
"1974","79","404","2008-06-02 09:29:45"
"1975","86","993","1983-06-08 22:43:28"
"1976","51","1910","1977-01-10 17:58:31"
"1977","32","1790","1997-07-18 23:12:45"
"1978","64","605","1982-08-17 21:51:45"
"1979","48","738","1985-09-25 15:59:53"
"1980","81","1470","2012-11-01 02:04:00"
"1981","70","1893","2000-10-06 08:05:54"
"1982","71","1886","2019-09-19 22:34:22"
"1983","11","1829","1994-11-20 01:39:45"
"1984","42","936","2009-07-29 13:46:45"
"1985","26","415","2016-12-27 04:13:19"
"1986","24","739","1988-02-04 10:18:43"
"1987","66","794","2020-10-26 22:40:52"
"1988","25","1963","2021-05-13 07:21:23"
"1989","12","886","2002-11-12 03:43:07"
"1990","92","445","2010-06-15 17:26:59"
"1991","67","1869","2020-02-24 05:13:50"
"1992","88","926","1997-09-07 21:22:07"
"1993","71","424","1993-05-27 12:59:21"
"1994","4","167","1998-07-05 03:36:33"
"1995","48","1776","1976-10-04 02:50:17"
"1996","57","1696","1988-12-25 00:07:25"
"1997","88","338","1996-03-23 17:30:48"
"1998","24","182","1979-04-12 17:09:21"
"1999","68","1043","2003-02-10 21:47:56"
"2000","58","1665","1985-05-17 21:33:55"
"2001","51","21","1975-12-28 21:57:04"
"2002","70","1615","1981-06-19 03:58:42"
"2003","16","1130","1972-02-28 22:21:29"
"2004","34","1893","1980-08-18 10:07:15"
"2005","73","1477","2009-05-04 21:47:10"
"2006","70","1786","1984-04-15 12:20:17"
"2007","62","218","1992-05-05 17:36:50"
"2008","97","605","1989-02-05 18:38:03"
"2009","90","929","1994-01-07 19:36:41"
"2010","63","1886","1991-10-27 05:13:50"
"2011","29","712","2001-03-25 11:43:18"
"2012","50","1936","2011-04-06 09:24:29"
"2013","79","1661","1998-03-05 02:18:04"
"2014","33","1272","1994-11-23 19:12:16"
"2015","22","226","1981-08-13 10:10:03"
"2016","93","1049","1999-01-21 17:15:35"
"2017","9","274","2015-11-27 02:41:57"
"2018","7","392","1995-10-17 15:53:09"
"2019","25","1836","2012-08-28 22:44:00"
"2020","16","1083","1970-09-14 04:33:21"
"2021","55","1898","1972-08-16 21:34:25"
"2022","90","1478","1988-02-19 08:48:03"
"2023","36","1288","1982-10-26 18:56:26"
"2024","70","1829","1991-06-04 22:35:47"
"2025","29","910","2004-12-02 00:42:01"
"2026","49","180","2021-08-13 14:32:24"
"2027","63","1780","2020-09-20 01:02:41"
"2028","54","168","1978-03-07 07:48:28"
"2029","76","1157","2014-01-27 12:41:03"
"2030","64","1362","1998-11-08 06:39:36"
"2031","74","924","2014-05-12 16:05:04"
"2032","73","308","1979-05-18 14:33:20"
"2033","12","1312","1997-10-10 02:57:42"
"2034","29","1512","2021-10-18 09:50:38"
"2035","49","663","2004-05-09 21:02:08"
"2036","99","628","2000-03-30 05:53:22"
"2037","16","924","1979-03-09 04:55:12"
"2038","43","1679","1979-10-07 00:00:55"
"2039","13","1024","1973-04-11 00:12:42"
"2040","55","1557","1978-06-23 07:52:49"
"2041","87","555","1990-07-11 16:26:01"
"2042","59","1661","1990-08-01 00:17:03"
"2043","94","455","2001-04-14 00:42:49"
"2044","22","965","2022-05-15 02:20:08"
"2045","40","321","1979-03-24 09:25:15"
"2046","8","1160","2005-05-31 19:34:55"
"2047","91","763","1976-09-11 17:18:53"
"2048","79","266","2010-12-28 19:42:03"
"2049","3","577","2010-07-17 12:22:37"
"2050","0","87","1993-03-26 21:47:25"
"2051","83","307","1994-03-03 22:18:41"
"2052","6","41","2019-06-10 01:14:29"
"2053","0","230","2003-11-15 02:07:44"
"2054","63","1781","2003-04-05 00:03:17"
"2055","50","328","1979-04-29 12:49:53"
"2056","66","1212","2003-01-03 21:52:30"
"2057","63","452","1990-05-29 13:20:43"
"2058","35","1585","2000-04-21 09:01:45"
"2059","87","1129","1985-11-28 01:47:48"
"2060","66","1651","1971-09-02 15:09:15"
"2061","73","181","2017-06-25 03:55:58"
"2062","66","374","2002-12-09 08:05:06"
"2063","48","1055","2005-01-16 10:09:49"
"2064","66","1458","2019-05-16 17:04:28"
"2065","12","763","1991-12-11 18:53:43"
"2066","43","1284","2014-09-10 17:02:44"
"2067","55","1643","2013-02-19 18:19:41"
"2068","18","729","1976-08-19 01:57:53"
"2069","9","704","1972-09-20 18:58:35"
"2070","80","1822","1989-07-11 08:30:26"
"2071","62","1532","2000-03-30 10:25:04"
"2072","73","423","2008-02-10 10:42:18"
"2073","13","1798","1988-11-05 02:24:26"
"2074","40","1662","2021-01-21 19:04:34"
"2075","20","1129","1981-05-21 00:58:05"
"2076","92","37","1989-03-07 17:50:49"
"2077","55","418","2016-11-15 05:42:14"
"2078","93","1506","1971-02-20 16:04:52"
"2079","19","68","1993-04-24 20:03:21"
"2080","28","816","2000-12-01 21:19:17"
"2081","92","789","2015-02-11 09:17:33"
"2082","55","1176","1979-03-25 05:14:52"
"2083","56","441","1981-09-26 04:52:46"
"2084","15","116","2008-07-13 20:42:25"
"2085","72","1704","1988-10-30 01:18:26"
"2086","51","1001","2000-03-16 06:07:11"
"2087","88","1092","2018-01-10 18:59:23"
"2088","0","1822","1979-10-13 04:42:30"
"2089","73","1440","1998-10-10 09:47:33"
"2090","50","1966","2006-10-25 12:54:26"
"2091","85","570","2019-08-26 08:22:36"
"2092","82","1259","1975-07-10 07:33:06"
"2093","91","762","2010-12-24 02:08:28"
"2094","59","1874","1975-10-23 22:41:09"
"2095","60","236","2022-06-28 06:14:10"
"2096","88","384","1972-05-22 06:09:09"
"2097","75","1788","1992-08-18 07:52:26"
"2098","20","1774","2010-04-19 23:54:23"
"2099","99","1488","2007-04-30 10:45:50"
"2100","17","1396","1971-10-14 04:16:46"
"2101","87","120","2008-02-11 13:03:10"
"2102","93","1726","1977-10-27 11:25:41"
"2103","30","404","1999-01-27 12:26:03"
"2104","27","1922","2000-04-01 19:28:11"
"2105","55","20","1976-06-13 09:45:42"
"2106","27","1669","2014-01-22 05:05:08"
"2107","85","1488","1978-04-19 13:44:59"
"2108","6","212","2009-03-03 01:14:17"
"2109","7","1968","1995-07-21 15:48:52"
"2110","84","889","2020-06-18 16:42:59"
"2111","66","1901","1970-09-07 11:52:14"
"2112","25","1626","1990-04-03 18:30:10"
"2113","68","1039","1975-08-14 22:23:00"
"2114","49","677","1981-10-26 19:29:55"
"2115","83","925","2005-12-04 21:04:12"
"2116","62","450","2007-10-10 05:15:14"
"2117","31","1171","2011-04-14 19:08:36"
"2118","1","373","1975-04-14 21:58:56"
"2119","37","791","1988-10-24 08:10:41"
"2120","95","1481","1980-05-01 02:14:56"
"2121","53","850","2019-02-12 05:23:11"
"2122","93","1849","1982-08-06 06:26:06"
"2123","34","1725","1988-04-07 15:40:36"
"2124","5","1626","2014-02-11 12:14:13"
"2125","67","780","2020-03-29 06:23:17"
"2126","6","1094","2013-08-02 09:42:23"
"2127","13","1524","1992-09-13 07:45:47"
"2128","28","13","2013-02-01 23:06:13"
"2129","14","258","2013-07-11 10:02:40"
"2130","16","1622","1986-07-01 00:27:35"
"2131","36","1284","2009-12-25 05:00:16"
"2132","98","1710","2020-02-06 20:14:35"
"2133","78","607","1987-03-03 22:18:52"
"2134","56","732","1995-04-08 17:53:14"
"2135","29","1915","1975-05-10 13:03:33"
"2136","87","533","2021-10-18 01:03:45"
"2137","84","684","1990-10-01 21:42:30"
"2138","42","3","1973-04-12 04:39:06"
"2139","68","1256","2016-03-15 07:03:21"
"2140","41","455","2001-06-20 14:53:22"
"2141","87","1686","2019-09-14 07:58:08"
"2142","59","1573","2019-06-12 20:01:44"
"2143","37","621","1977-05-31 16:24:09"
"2144","40","1011","1972-11-18 01:15:21"
"2145","40","1555","1984-01-28 17:33:30"
"2146","82","65","1970-10-15 01:28:57"
"2147","45","767","1994-04-26 05:03:49"
"2148","41","570","1994-08-11 15:03:46"
"2149","16","1620","1988-03-13 23:59:14"
"2150","77","1735","1980-07-17 18:50:56"
"2151","21","236","2018-05-22 16:15:29"
"2152","41","807","1974-11-13 03:12:04"
"2153","51","1563","2021-12-12 02:11:08"
"2154","65","1349","1980-03-26 07:19:42"
"2155","56","649","2013-10-01 17:52:53"
"2156","9","1665","1982-01-30 22:14:31"
"2157","40","727","2021-09-14 19:32:11"
"2158","51","541","2002-02-05 21:23:27"
"2159","5","1431","1978-06-26 18:18:01"
"2160","86","811","1993-05-13 04:18:10"
"2161","56","1653","1978-10-10 21:10:41"
"2162","56","517","1973-08-06 03:54:42"
"2163","97","929","1989-01-06 10:19:33"
"2164","89","1788","1994-07-04 02:28:10"
"2165","1","674","1988-02-12 20:01:55"
"2166","91","929","2014-08-22 18:59:27"
"2167","92","827","1993-05-21 20:33:22"
"2168","19","1392","1999-01-24 15:35:29"
"2169","71","1963","2006-08-26 22:16:19"
"2170","63","1896","2011-10-02 02:32:29"
"2171","2","1655","2020-08-14 14:15:18"
"2172","85","1828","1982-05-12 16:31:08"
"2173","48","1512","2018-05-19 21:34:18"
"2174","1","1033","2006-01-13 00:32:30"
"2175","54","1301","2000-08-22 23:05:27"
"2176","29","445","2018-04-04 18:33:14"
"2177","58","945","2001-03-16 12:07:58"
"2178","27","684","1991-12-11 22:51:22"
"2179","85","475","1975-11-26 22:22:22"
"2180","97","842","1989-05-22 20:27:24"
"2181","84","517","1980-02-07 09:04:53"
"2182","53","420","2010-08-13 02:55:16"
"2183","97","1710","1981-06-03 17:19:40"
"2184","46","197","2005-04-08 18:21:22"
"2185","78","90","1999-02-17 10:15:55"
"2186","1","480","2002-11-18 22:24:18"
"2187","51","1097","1971-06-02 06:47:13"
"2188","34","1679","1984-05-27 18:59:01"
"2189","10","677","1981-08-13 17:42:18"
"2190","53","94","1990-10-31 18:14:44"
"2191","98","305","1997-08-04 18:05:03"
"2192","22","1763","1984-11-04 06:41:09"
"2193","77","663","2008-01-06 15:42:08"
"2194","80","522","2010-08-08 18:29:26"
"2195","64","1556","2006-12-04 01:42:42"
"2196","49","1710","1977-09-13 03:05:41"
"2197","54","1514","1990-02-04 08:43:31"
"2198","64","172","1982-08-11 09:48:43"
"2199","61","1140","1974-12-10 04:34:32"
"2200","1","1008","2020-05-11 15:45:54"
"2201","35","641","1973-12-23 20:23:34"
"2202","80","1432","2021-04-28 13:15:08"
"2203","6","1200","1989-05-02 14:27:43"
"2204","1","1812","1988-04-09 12:56:51"
"2205","2","877","1998-09-14 20:25:37"
"2206","14","1580","1978-11-30 14:44:08"
"2207","96","410","1988-12-24 08:57:52"
"2208","61","239","2010-04-27 05:58:30"
"2209","20","319","2003-05-18 00:30:24"
"2210","15","1539","2004-01-02 13:45:00"
"2211","94","1470","2008-04-13 16:55:21"
"2212","78","196","2010-02-02 13:26:35"
"2213","44","1981","2011-05-08 03:10:08"
"2214","30","1214","2006-05-23 07:04:40"
"2215","16","769","2006-12-31 02:31:57"
"2216","55","759","2007-02-15 21:02:00"
"2217","34","1813","1998-02-06 01:14:06"
"2218","96","1427","2019-01-15 12:17:42"
"2219","26","835","1993-06-25 16:41:54"
"2220","40","319","1994-06-20 19:36:29"
"2221","57","181","1991-05-09 21:38:03"
"2222","22","1315","2006-11-06 10:05:23"
"2223","35","71","1999-02-02 08:34:29"
"2224","20","315","2016-11-16 05:36:05"
"2225","50","487","2019-11-24 22:52:29"
"2226","10","1683","2001-10-18 14:29:08"
"2227","30","1853","1996-05-21 23:09:47"
"2228","96","1120","2013-11-18 00:07:44"
"2229","87","1002","1993-04-16 14:27:16"
"2230","4","1458","2000-07-22 13:31:07"
"2231","94","1897","2011-07-15 02:16:21"
"2232","28","839","2011-10-31 01:53:53"
"2233","30","552","1999-10-08 22:24:21"
"2234","44","1330","1987-10-03 23:40:39"
"2235","95","1867","2005-01-06 19:33:01"
"2236","0","1833","2000-03-26 16:55:26"
"2237","88","359","2022-06-02 10:44:28"
"2238","73","500","2012-01-28 00:55:40"
"2239","98","1794","1989-04-21 12:07:17"
"2240","14","1188","1983-11-24 22:52:25"
"2241","44","1936","2006-09-02 23:37:05"
"2242","39","262","2012-06-01 10:26:19"
"2243","54","1441","1970-03-04 08:57:24"
"2244","85","835","1982-08-31 17:19:09"
"2245","95","259","1992-05-05 16:49:25"
"2246","72","135","2006-04-06 01:10:13"
"2247","38","840","2009-08-05 04:45:56"
"2248","57","732","1971-03-30 09:46:25"
"2249","52","235","2013-06-08 20:50:28"
"2250","75","241","1989-06-12 04:26:12"
"2251","49","483","2011-07-17 12:19:30"
"2252","39","956","1990-05-26 12:50:07"
"2253","21","667","2020-11-24 15:46:46"
"2254","96","1488","2003-11-13 09:20:21"
"2255","90","1045","2003-09-19 07:14:36"
"2256","50","1181","1980-08-01 02:22:26"
"2257","6","689","2013-06-11 22:16:41"
"2258","40","1588","1999-09-20 12:36:50"
"2259","63","104","2012-09-16 16:04:04"
"2260","71","1146","2010-01-07 10:52:11"
"2261","43","717","2007-01-27 06:03:03"
"2262","0","1480","1976-09-03 15:23:28"
"2263","81","552","1980-02-16 14:18:09"
"2264","10","861","1988-03-19 10:32:10"
"2265","84","372","2019-09-14 14:59:31"
"2266","55","563","1999-07-04 18:05:48"
"2267","97","1639","2001-04-12 13:58:11"
"2268","30","420","1982-08-07 04:48:11"
"2269","94","72","1977-04-24 15:23:47"
"2270","6","1259","2002-12-12 15:59:46"
"2271","1","1300","2014-03-29 15:58:15"
"2272","63","1867","1977-08-07 15:09:33"
"2273","36","171","1983-01-02 14:01:46"
"2274","81","1394","2002-05-21 16:33:03"
"2275","1","1928","2011-09-18 15:28:57"
"2276","54","628","2003-07-04 05:19:24"
"2277","30","872","2019-03-13 22:49:49"
"2278","16","1148","2006-06-21 07:46:33"
"2279","24","1059","1982-02-06 22:07:19"
"2280","80","1253","1977-11-04 21:38:17"
"2281","9","1847","1988-12-26 01:46:10"
"2282","36","441","1990-04-17 10:54:16"
"2283","3","872","2007-07-17 05:16:24"
"2284","85","649","2017-08-07 23:51:15"
"2285","83","640","1999-01-05 21:04:15"
"2286","44","840","1996-11-23 06:14:22"
"2287","21","1069","1986-10-25 12:05:19"
"2288","51","1340","1991-08-12 18:03:56"
"2289","48","1968","2022-01-25 19:53:58"
"2290","17","270","2002-09-27 00:33:05"
"2291","55","706","2000-11-27 06:23:07"
"2292","10","1521","2016-12-24 23:36:34"
"2293","59","51","1999-08-08 21:16:31"
"2294","59","690","2008-06-24 21:21:34"
"2295","64","1968","2008-01-21 00:50:34"
"2296","83","135","2018-09-15 21:00:46"
"2297","74","1941","1975-12-14 17:31:21"
"2298","15","1288","2021-03-04 23:16:13"
"2299","0","1061","1991-11-20 23:41:12"
"2300","17","399","1979-11-10 21:12:58"
"2301","82","1039","2014-06-26 07:54:27"
"2302","78","544","2018-01-05 19:31:13"
"2303","80","588","1971-03-18 07:03:55"
"2304","11","988","1998-05-05 18:00:20"
"2305","90","305","2018-07-28 00:22:14"
"2306","61","126","1976-01-24 08:16:53"
"2307","14","182","1971-08-21 00:45:46"
"2308","66","1836","1999-09-20 02:55:37"
"2309","40","192","1970-10-14 00:33:59"
"2310","27","1495","1978-01-16 02:54:42"
"2311","13","946","1989-05-22 19:13:39"
"2312","76","534","1980-12-24 11:50:45"
"2313","60","361","1999-05-06 22:42:34"
"2314","66","800","1986-02-12 09:42:27"
"2315","86","405","1998-09-24 21:10:31"
"2316","11","1779","1975-03-15 21:07:59"
"2317","23","1256","2019-09-04 22:06:14"
"2318","39","258","1997-06-11 09:14:03"
"2319","32","385","1984-12-27 04:08:28"
"2320","57","1829","1980-05-08 17:13:36"
"2321","86","1186","1976-10-15 10:05:17"
"2322","1","916","1972-09-18 04:08:32"
"2323","92","1587","1970-07-29 03:00:13"
"2324","45","1311","2009-02-07 03:46:18"
"2325","47","508","1986-03-21 23:19:24"
"2326","45","1044","2011-04-26 10:22:23"
"2327","18","311","1989-02-17 16:40:11"
"2328","37","1798","1987-10-08 03:05:56"
"2329","37","1897","1983-12-17 08:37:57"
"2330","50","274","1980-12-18 18:53:58"
"2331","79","1725","1993-08-07 15:38:54"
"2332","79","1931","1973-09-27 05:52:20"
"2333","10","541","1993-11-04 19:52:16"
"2334","91","1119","1983-03-21 20:38:43"
"2335","59","1137","2007-05-29 10:28:58"
"2336","37","1928","1976-05-13 20:48:54"
"2337","50","1415","1978-08-16 09:49:54"
"2338","96","735","1998-09-06 02:10:10"
"2339","75","1409","1985-12-29 01:06:02"
"2340","64","752","1996-01-21 21:49:21"
"2341","86","152","2018-02-01 08:24:24"
"2342","73","1772","1970-09-04 06:41:55"
"2343","13","1415","2009-12-06 13:52:36"
"2344","54","1478","2005-04-09 17:21:15"
"2345","17","1016","1987-07-15 22:14:39"
"2346","51","1720","2001-08-23 08:07:03"
"2347","20","497","1992-02-15 16:46:04"
"2348","89","1463","2017-03-12 20:00:19"
"2349","41","273","1993-05-28 16:30:10"
"2350","11","1950","2001-12-17 02:15:48"
"2351","7","1052","2004-12-26 17:26:56"
"2352","64","1225","2018-03-14 22:45:31"
"2353","95","284","2011-10-24 15:43:29"
"2354","38","351","1982-02-06 21:12:38"
"2355","63","1885","1982-08-16 05:54:39"
"2356","53","1617","1987-08-21 19:10:17"
"2357","28","861","1977-09-08 19:04:16"
"2358","47","560","2002-04-03 06:01:43"
"2359","80","1588","1989-06-16 16:54:22"
"2360","59","266","2019-03-14 13:55:45"
"2361","8","872","2008-06-28 19:37:35"
"2362","26","540","2000-06-29 00:51:50"
"2363","66","988","2009-11-20 22:27:43"
"2364","34","827","1974-09-18 04:17:16"
"2365","25","1438","1990-03-31 10:51:58"
"2366","53","1435","1973-11-17 21:58:02"
"2367","82","1512","1997-05-11 07:17:41"
"2368","86","384","1984-06-09 16:28:01"
"2369","13","844","1988-08-04 16:09:15"
"2370","95","1613","1971-02-14 01:50:06"
"2371","93","1714","1974-07-13 21:13:54"
"2372","4","1415","1991-03-24 01:23:45"
"2373","77","1814","2004-05-22 22:48:05"
"2374","33","859","2001-08-18 12:14:29"
"2375","45","704","1970-12-17 18:25:19"
"2376","56","405","1986-03-13 11:37:36"
"2377","13","1925","2016-04-20 15:32:34"
"2378","78","1759","2020-03-29 03:33:36"
"2379","92","387","1975-03-07 14:36:22"
"2380","4","319","2009-12-18 15:53:00"
"2381","26","1266","1976-10-17 08:52:58"
"2382","72","1427","1977-05-31 18:39:49"
"2383","78","604","1985-12-30 13:51:28"
"2384","58","1893","2013-03-01 14:13:17"
"2385","93","964","2007-12-31 15:34:51"
"2386","78","1187","1994-10-03 16:23:56"
"2387","34","569","1994-06-12 10:17:20"
"2388","46","1309","1972-01-27 17:07:04"
"2389","52","1394","2021-01-03 14:20:22"
"2390","93","762","2020-12-07 12:30:48"
"2391","40","13","2007-04-30 20:18:41"
"2392","3","1270","1981-08-29 16:32:41"
"2393","13","635","1988-03-02 21:39:39"
"2394","96","1603","1984-03-31 22:55:38"
"2395","93","1302","2018-03-31 20:56:50"
"2396","38","411","2010-02-11 21:49:07"
"2397","99","495","2020-08-20 11:35:37"
"2398","7","1759","1979-12-05 02:31:16"
"2399","79","311","1998-03-21 00:11:15"
"2400","14","384","2001-04-06 18:43:00"
"2401","45","1754","1987-07-10 22:15:44"
"2402","48","1472","1993-02-13 08:03:53"
"2403","39","1256","2006-02-23 21:42:15"
"2404","98","431","1993-07-01 22:08:43"
"2405","95","1394","2006-08-29 04:48:02"
"2406","51","527","1985-01-04 05:01:29"
"2407","58","156","2006-03-15 16:20:58"
"2408","75","307","1975-01-09 11:23:23"
"2409","73","1065","1986-11-15 00:14:12"
"2410","66","1993","1970-04-12 02:43:53"
"2411","72","1731","1979-02-02 21:30:35"
"2412","91","545","2019-01-23 09:33:21"
"2413","0","1134","1993-11-13 10:59:54"
"2414","2","204","2007-12-15 18:01:23"
"2415","13","35","1980-01-22 22:27:09"
"2416","63","684","2010-12-26 00:55:26"
"2417","48","399","2009-12-06 21:36:52"
"2418","46","928","1988-04-01 22:06:44"
"2419","5","1045","1992-09-13 19:15:42"
"2420","42","993","2002-11-23 11:42:15"
"2421","40","76","2019-08-13 10:04:31"
"2422","38","1567","1996-09-27 00:46:51"
"2423","94","1800","2001-02-06 11:24:07"
"2424","41","540","1992-04-24 15:17:17"
"2425","33","1167","2013-06-28 13:05:44"
"2426","12","1438","1982-02-24 11:30:46"
"2427","48","1296","1997-09-22 11:06:22"
"2428","54","1476","2005-05-20 06:18:07"
"2429","95","456","2012-06-09 14:52:57"
"2430","27","772","2010-11-08 06:38:13"
"2431","69","510","1983-07-17 08:06:27"
"2432","53","68","1983-07-09 21:06:03"
"2433","36","1065","1984-08-13 01:19:17"
"2434","86","1097","2004-12-17 04:23:57"
"2435","25","726","1992-10-20 05:17:44"
"2436","52","1375","1970-06-08 20:22:42"
"2437","1","1339","2013-08-16 03:04:51"
"2438","60","1753","2018-12-04 07:11:26"
"2439","47","1228","1977-09-05 19:47:13"
"2440","53","1990","1996-09-12 23:32:27"
"2441","43","1861","2010-11-15 06:15:58"
"2442","89","1031","1970-12-05 14:15:05"
"2443","22","367","1979-05-28 07:19:35"
"2444","48","1170","2017-03-14 19:07:16"
"2445","87","1253","1973-07-23 05:41:27"
"2446","47","690","1990-01-23 13:59:29"
"2447","14","216","2008-08-28 11:48:19"
"2448","12","566","1970-07-19 12:28:24"
"2449","66","1302","1999-09-28 16:46:24"
"2450","51","258","2012-01-23 03:40:03"
"2451","88","205","1990-04-17 15:27:56"
"2452","85","785","1977-09-07 17:19:57"
"2453","46","965","2020-07-05 02:40:55"
"2454","50","437","2004-07-18 08:35:57"
"2455","52","346","1997-06-10 02:50:42"
"2456","18","1422","1996-08-12 03:48:08"
"2457","89","621","1987-02-27 04:47:20"
"2458","85","550","1973-02-14 23:03:05"
"2459","92","877","1986-11-30 17:39:09"
"2460","7","1761","1995-09-24 21:36:06"
"2461","22","1483","1996-02-12 08:00:41"
"2462","48","465","1976-06-03 05:15:16"
"2463","27","44","2020-06-15 21:17:13"
"2464","90","577","2003-01-22 00:05:47"
"2465","25","1754","1977-06-20 22:51:33"
"2466","75","329","2004-02-20 07:22:24"
"2467","40","90","2009-01-21 20:40:07"
"2468","86","549","1972-11-09 01:20:45"
"2469","13","663","1971-09-28 11:30:51"
"2470","21","1814","1984-03-22 21:57:45"
"2471","41","483","2015-04-18 23:17:08"
"2472","25","690","1975-11-22 17:45:58"
"2473","29","1522","2016-02-14 19:39:07"
"2474","75","1956","1970-02-16 19:05:35"
"2475","34","1893","2015-05-30 05:03:05"
"2476","82","1533","1979-01-11 18:29:14"
"2477","93","363","2012-08-23 00:58:29"
"2478","49","1870","1974-12-13 22:02:03"
"2479","79","1176","1996-03-18 04:06:16"
"2480","52","104","1986-02-21 01:53:39"
"2481","26","1834","1982-06-16 06:28:16"
"2482","68","1850","1995-01-10 19:30:27"
"2483","51","1324","1996-08-09 05:52:32"
"2484","9","588","1974-05-21 07:42:41"
"2485","86","1463","1971-03-17 23:38:15"
"2486","69","1427","2016-04-23 09:22:03"
"2487","51","1915","1995-03-19 20:20:35"
"2488","32","75","1999-09-22 23:44:15"
"2489","13","1041","1990-10-29 09:41:48"
"2490","1","533","2004-12-12 19:36:27"
"2491","8","1096","1999-04-07 08:28:11"
"2492","37","1984","1999-11-09 14:21:06"
"2493","46","1472","1975-06-20 10:56:20"
"2494","87","311","1976-03-26 20:46:36"
"2495","37","1827","1972-01-28 13:23:46"
"2496","44","1814","1990-09-20 09:24:07"
"2497","97","842","2011-12-21 21:37:13"
"2498","57","44","1988-03-29 16:44:15"
"2499","5","964","1987-03-18 21:46:14"
